Year, Week, Virus,0-4 yr,5-24 yr,25-64 yr,65+ yr
2018,40,A (H3),1,2,3,5
2018,41,A (H3),1,2,3,5
2018,42,A (H3),2,4,6,6
2018,43,A (H3),4,6,12,11
2018,44,A (H3),2,7,7,4
2018,45,A (H3),7,10,4,4
2018,46,A (H3),6,14,8,8
2018,47,A (H3),10,12,16,12
2018,48,A (H3),7,19,13,17
2018,49,A (H3),14,35,22,10
2018,50,A (H3),29,73,39,18
2018,51,A (H3),44,97,50,43
2018,52,A (H3),49,61,72,79
2019,1,A (H3),43,60,85,106
2019,2,A (H3),28,67,61,61
2019,3,A (H3),44,143,78,70
2019,4,A (H3),57,239,106,97
2019,5,A (H3),68,376,186,144
2019,6,A (H3),100,537,260,268
2019,7,A (H3),103,588,277,281
2019,8,A (H3),116,603,365,326
2019,9,A (H3),146,666,424,394
2019,10,A (H3),176,594,426,402
2019,11,A (H3),150,572,468,474
2019,12,A (H3),123,376,377,347
2019,13,A (H3),89,302,252,290
2019,14,A (H3),77,242,185,266
2019,15,A (H3),71,205,142,172
2019,16,A (H3),43,123,73,84
2019,17,A (H3),28,78,42,49
2019,18,A (H3),17,40,44,36
2019,19,A (H3),5,36,29,20
2019,20,A (H3),9,22,26,14
2019,21,A (H3),13,19,19,14
2019,22,A (H3),8,17,16,11
2019,23,A (H3),4,13,21,14
2019,24,A (H3),5,16,15,17
2019,25,A (H3),4,13,16,18
2019,26,A (H3),7,8,13,19
2019,27,A (H3),9,10,9,12
2019,28,A (H3),7,2,14,15
2019,29,A (H3),6,13,9,23
2019,30,A (H3),4,6,6,8
2019,31,A (H3),5,8,5,8
2019,32,A (H3),6,6,6,12
2019,33,A (H3),8,4,2,6
2019,34,A (H3),1,0,0,0
2018,40,A (H1N1)pdm09,5,10,11,3
2018,41,A (H1N1)pdm09,13,20,12,4
2018,42,A (H1N1)pdm09,12,15,18,3
2018,43,A (H1N1)pdm09,15,29,21,8
2018,44,A (H1N1)pdm09,13,35,26,3
2018,45,A (H1N1)pdm09,15,47,35,6
2018,46,A (H1N1)pdm09,19,50,40,14
2018,47,A (H1N1)pdm09,40,59,66,15
2018,48,A (H1N1)pdm09,53,71,115,34
2018,49,A (H1N1)pdm09,55,113,105,32
2018,50,A (H1N1)pdm09,95,223,219,71
2018,51,A (H1N1)pdm09,153,384,375,102
2018,52,A (H1N1)pdm09,189,332,433,171
2019,1,A (H1N1)pdm09,144,162,463,215
2019,2,A (H1N1)pdm09,164,275,528,204
2019,3,A (H1N1)pdm09,158,404,539,161
2019,4,A (H1N1)pdm09,180,426,539,216
2019,5,A (H1N1)pdm09,213,433,617,213
2019,6,A (H1N1)pdm09,208,429,771,331
2019,7,A (H1N1)pdm09,192,412,669,292
2019,8,A (H1N1)pdm09,164,337,589,268
2019,9,A (H1N1)pdm09,191,262,524,242
2019,10,A (H1N1)pdm09,159,239,517,235
2019,11,A (H1N1)pdm09,125,179,448,209
2019,12,A (H1N1)pdm09,83,108,311,164
2019,13,A (H1N1)pdm09,46,77,180,86
2019,14,A (H1N1)pdm09,33,40,131,80
2019,15,A (H1N1)pdm09,19,36,82,53
2019,16,A (H1N1)pdm09,6,21,59,30
2019,17,A (H1N1)pdm09,9,10,41,20
2019,18,A (H1N1)pdm09,8,9,31,7
2019,19,A (H1N1)pdm09,3,11,18,11
2019,20,A (H1N1)pdm09,4,10,20,3
2019,21,A (H1N1)pdm09,3,8,10,4
2019,22,A (H1N1)pdm09,3,4,10,2
2019,23,A (H1N1)pdm09,3,8,9,4
2019,24,A (H1N1)pdm09,3,8,7,2
2019,25,A (H1N1)pdm09,1,0,6,2
2019,26,A (H1N1)pdm09,0,3,6,5
2019,27,A (H1N1)pdm09,1,6,17,4
2019,28,A (H1N1)pdm09,1,4,1,2
2019,29,A (H1N1)pdm09,3,3,4,1
2019,30,A (H1N1)pdm09,2,5,5,1
2019,31,A (H1N1)pdm09,2,5,4,0
2019,32,A (H1N1)pdm09,3,0,3,0
2019,33,A (H1N1)pdm09,3,2,3,3
2019,34,A (H1N1)pdm09,0,0,4,0
2018,40,A (Subtyping not Performed),1,2,4,1
2018,41,A (Subtyping not Performed),2,2,1,3
2018,42,A (Subtyping not Performed),3,2,6,2
2018,43,A (Subtyping not Performed),0,0,2,0
2018,44,A (Subtyping not Performed),1,0,1,1
2018,45,A (Subtyping not Performed),3,6,6,0
2018,46,A (Subtyping not Performed),5,2,2,2
2018,47,A (Subtyping not Performed),4,1,3,2
2018,48,A (Subtyping not Performed),0,2,9,0
2018,49,A (Subtyping not Performed),4,2,6,1
2018,50,A (Subtyping not Performed),3,1,7,6
2018,51,A (Subtyping not Performed),15,27,20,4
2018,52,A (Subtyping not Performed),17,36,50,7
2019,1,A (Subtyping not Performed),26,45,70,17
2019,2,A (Subtyping not Performed),10,15,44,13
2019,3,A (Subtyping not Performed),23,37,30,12
2019,4,A (Subtyping not Performed),20,41,37,8
2019,5,A (Subtyping not Performed),9,16,26,7
2019,6,A (Subtyping not Performed),6,9,17,6
2019,7,A (Subtyping not Performed),3,9,17,8
2019,8,A (Subtyping not Performed),6,21,15,10
2019,9,A (Subtyping not Performed),12,26,23,11
2019,10,A (Subtyping not Performed),15,30,29,14
2019,11,A (Subtyping not Performed),21,20,23,20
2019,12,A (Subtyping not Performed),7,16,15,12
2019,13,A (Subtyping not Performed),5,10,13,8
2019,14,A (Subtyping not Performed),4,11,10,4
2019,15,A (Subtyping not Performed),1,5,4,4
2019,16,A (Subtyping not Performed),3,1,6,3
2019,17,A (Subtyping not Performed),1,0,4,0
2019,18,A (Subtyping not Performed),0,0,1,4
2019,19,A (Subtyping not Performed),8,2,3,0
2019,20,A (Subtyping not Performed),2,0,0,3
2019,21,A (Subtyping not Performed),0,0,0,1
2019,22,A (Subtyping not Performed),0,1,2,0
2019,23,A (Subtyping not Performed),0,0,2,0
2019,24,A (Subtyping not Performed),2,2,2,0
2019,25,A (Subtyping not Performed),0,0,1,0
2019,26,A (Subtyping not Performed),0,0,3,0
2019,27,A (Subtyping not Performed),0,0,3,1
2019,28,A (Subtyping not Performed),0,0,0,1
2019,29,A (Subtyping not Performed),2,2,1,0
2019,30,A (Subtyping not Performed),0,1,2,2
2019,31,A (Subtyping not Performed),0,2,0,1
2019,32,A (Subtyping not Performed),0,0,0,0
2019,33,A (Subtyping not Performed),1,2,0,0
2019,34,A (Subtyping not Performed),0,2,0,0
2018,40,B (Victoria Lineage),3,3,1,0
2018,41,B (Victoria Lineage),0,2,1,0
2018,42,B (Victoria Lineage),1,0,0,0
2018,43,B (Victoria Lineage),0,0,0,0
2018,44,B (Victoria Lineage),1,0,0,0
2018,45,B (Victoria Lineage),3,1,0,0
2018,46,B (Victoria Lineage),0,0,1,0
2018,47,B (Victoria Lineage),0,1,1,0
2018,48,B (Victoria Lineage),0,2,0,0
2018,49,B (Victoria Lineage),1,2,0,0
2018,50,B (Victoria Lineage),1,4,2,0
2018,51,B (Victoria Lineage),5,9,5,1
2018,52,B (Victoria Lineage),3,7,7,1
2019,1,B (Victoria Lineage),2,2,1,1
2019,2,B (Victoria Lineage),0,0,2,0
2019,3,B (Victoria Lineage),2,14,1,0
2019,4,B (Victoria Lineage),3,6,7,1
2019,5,B (Victoria Lineage),0,13,9,2
2019,6,B (Victoria Lineage),1,8,7,1
2019,7,B (Victoria Lineage),4,18,5,0
2019,8,B (Victoria Lineage),5,14,6,3
2019,9,B (Victoria Lineage),7,19,6,0
2019,10,B (Victoria Lineage),7,15,10,2
2019,11,B (Victoria Lineage),8,33,6,3
2019,12,B (Victoria Lineage),5,23,9,5
2019,13,B (Victoria Lineage),6,36,12,5
2019,14,B (Victoria Lineage),7,39,18,1
2019,15,B (Victoria Lineage),7,26,19,2
2019,16,B (Victoria Lineage),6,29,14,1
2019,17,B (Victoria Lineage),6,16,10,3
2019,18,B (Victoria Lineage),8,20,9,2
2019,19,B (Victoria Lineage),2,24,10,4
2019,20,B (Victoria Lineage),3,22,9,4
2019,21,B (Victoria Lineage),2,20,4,0
2019,22,B (Victoria Lineage),3,12,8,1
2019,23,B (Victoria Lineage),5,13,12,2
2019,24,B (Victoria Lineage),4,9,5,0
2019,25,B (Victoria Lineage),3,5,5,0
2019,26,B (Victoria Lineage),1,5,5,1
2019,27,B (Victoria Lineage),3,1,7,1
2019,28,B (Victoria Lineage),4,3,3,1
2019,29,B (Victoria Lineage),1,5,2,1
2019,30,B (Victoria Lineage),1,6,2,2
2019,31,B (Victoria Lineage),1,1,4,2
2019,32,B (Victoria Lineage),2,3,5,1
2019,33,B (Victoria Lineage),6,6,2,1
2019,34,B (Victoria Lineage),0,2,1,0
2018,40,B (Yamagata Lineage),0,6,4,1
2018,41,B (Yamagata Lineage),1,1,2,1
2018,42,B (Yamagata Lineage),0,8,3,1
2018,43,B (Yamagata Lineage),1,5,5,1
2018,44,B (Yamagata Lineage),1,3,3,1
2018,45,B (Yamagata Lineage),0,2,4,1
2018,46,B (Yamagata Lineage),0,0,3,0
2018,47,B (Yamagata Lineage),0,1,0,4
2018,48,B (Yamagata Lineage),2,1,3,3
2018,49,B (Yamagata Lineage),0,1,3,0
2018,50,B (Yamagata Lineage),0,3,1,2
2018,51,B (Yamagata Lineage),1,4,2,1
2018,52,B (Yamagata Lineage),1,3,3,2
2019,1,B (Yamagata Lineage),4,2,5,4
2019,2,B (Yamagata Lineage),4,2,6,3
2019,3,B (Yamagata Lineage),0,7,5,2
2019,4,B (Yamagata Lineage),1,3,3,2
2019,5,B (Yamagata Lineage),2,9,3,4
2019,6,B (Yamagata Lineage),0,5,2,3
2019,7,B (Yamagata Lineage),2,8,4,4
2019,8,B (Yamagata Lineage),1,3,6,2
2019,9,B (Yamagata Lineage),1,3,2,3
2019,10,B (Yamagata Lineage),2,7,10,7
2019,11,B (Yamagata Lineage),3,7,11,7
2019,12,B (Yamagata Lineage),2,5,8,3
2019,13,B (Yamagata Lineage),2,3,5,6
2019,14,B (Yamagata Lineage),0,2,7,6
2019,15,B (Yamagata Lineage),1,7,5,3
2019,16,B (Yamagata Lineage),1,8,7,2
2019,17,B (Yamagata Lineage),1,2,3,8
2019,18,B (Yamagata Lineage),0,2,5,3
2019,19,B (Yamagata Lineage),0,1,2,4
2019,20,B (Yamagata Lineage),0,0,5,1
2019,21,B (Yamagata Lineage),1,0,1,1
2019,22,B (Yamagata Lineage),0,4,1,5
2019,23,B (Yamagata Lineage),1,0,0,0
2019,24,B (Yamagata Lineage),0,0,1,0
2019,25,B (Yamagata Lineage),0,0,0,0
2019,26,B (Yamagata Lineage),0,1,1,1
2019,27,B (Yamagata Lineage),0,1,0,0
2019,28,B (Yamagata Lineage),2,0,1,0
2019,29,B (Yamagata Lineage),0,0,0,0
2019,30,B (Yamagata Lineage),0,0,0,0
2019,31,B (Yamagata Lineage),0,0,0,2
2019,32,B (Yamagata Lineage),0,0,0,0
2019,33,B (Yamagata Lineage),0,0,0,0
2019,34,B (Yamagata Lineage),0,0,0,0
2018,40,B (Lineage Unspecified),0,0,0,0
2018,41,B (Lineage Unspecified),1,2,0,2
2018,42,B (Lineage Unspecified),0,1,0,0
2018,43,B (Lineage Unspecified),0,1,0,1
2018,44,B (Lineage Unspecified),1,0,0,0
2018,45,B (Lineage Unspecified),2,1,0,1
2018,46,B (Lineage Unspecified),0,0,0,0
2018,47,B (Lineage Unspecified),0,0,0,0
2018,48,B (Lineage Unspecified),0,0,1,0
2018,49,B (Lineage Unspecified),3,2,1,1
2018,50,B (Lineage Unspecified),1,2,0,0
2018,51,B (Lineage Unspecified),2,4,2,1
2018,52,B (Lineage Unspecified),2,3,2,1
2019,1,B (Lineage Unspecified),1,3,0,1
2019,2,B (Lineage Unspecified),4,4,0,2
2019,3,B (Lineage Unspecified),1,3,0,0
2019,4,B (Lineage Unspecified),1,8,3,2
2019,5,B (Lineage Unspecified),2,4,1,0
2019,6,B (Lineage Unspecified),1,8,3,1
2019,7,B (Lineage Unspecified),1,15,3,1
2019,8,B (Lineage Unspecified),4,35,13,0
2019,9,B (Lineage Unspecified),6,22,8,0
2019,10,B (Lineage Unspecified),15,28,9,0
2019,11,B (Lineage Unspecified),12,30,7,2
2019,12,B (Lineage Unspecified),9,42,17,4
2019,13,B (Lineage Unspecified),24,64,13,2
2019,14,B (Lineage Unspecified),26,45,16,1
2019,15,B (Lineage Unspecified),14,44,17,0
2019,16,B (Lineage Unspecified),2,16,3,1
2019,17,B (Lineage Unspecified),9,46,9,2
2019,18,B (Lineage Unspecified),2,4,7,0
2019,19,B (Lineage Unspecified),11,6,5,0
2019,20,B (Lineage Unspecified),0,8,2,0
2019,21,B (Lineage Unspecified),1,0,1,1
2019,22,B (Lineage Unspecified),3,8,9,0
2019,23,B (Lineage Unspecified),5,8,6,0
2019,24,B (Lineage Unspecified),1,4,1,0
2019,25,B (Lineage Unspecified),2,6,1,0
2019,26,B (Lineage Unspecified),1,2,1,0
2019,27,B (Lineage Unspecified),0,0,2,0
2019,28,B (Lineage Unspecified),0,2,1,0
2019,29,B (Lineage Unspecified),0,1,0,0
2019,30,B (Lineage Unspecified),0,0,3,0
2019,31,B (Lineage Unspecified),1,0,0,0
2019,32,B (Lineage Unspecified),0,0,0,0
2019,33,B (Lineage Unspecified),0,0,1,0
2019,34,B (Lineage Unspecified),1,1,0,0
2017,40,A (H3),7,21,40,43
2017,41,A (H3),6,22,54,44
2017,42,A (H3),12,40,49,51
2017,43,A (H3),17,34,48,52
2017,44,A (H3),20,63,66,71
2017,45,A (H3),29,85,77,83
2017,46,A (H3),33,94,122,123
2017,47,A (H3),43,97,166,152
2017,48,A (H3),61,163,226,274
2017,49,A (H3),85,276,292,321
2017,50,A (H3),115,353,419,448
2017,51,A (H3),138,448,713,861
2017,52,A (H3),193,328,784,1142
2018,1,A (H3),166,319,896,1302
2018,2,A (H3),204,477,852,1214
2018,3,A (H3),184,477,730,1051
2018,4,A (H3),194,578,779,975
2018,5,A (H3),168,586,705,844
2018,6,A (H3),133,472,594,683
2018,7,A (H3),94,366,413,514
2018,8,A (H3),86,221,273,422
2018,9,A (H3),56,108,169,210
2018,10,A (H3),29,70,114,130
2018,11,A (H3),15,52,77,108
2018,12,A (H3),19,53,64,77
2018,13,A (H3),16,57,70,64
2018,14,A (H3),15,37,54,48
2018,15,A (H3),13,24,28,33
2018,16,A (H3),5,19,18,39
2018,17,A (H3),5,9,17,21
2018,18,A (H3),3,6,10,8
2018,19,A (H3),3,5,6,6
2018,20,A (H3),1,3,3,3
2018,21,A (H3),1,0,3,2
2018,22,A (H3),0,1,4,0
2018,23,A (H3),0,1,2,0
2018,24,A (H3),0,1,2,0
2018,25,A (H3),0,1,2,0
2018,26,A (H3),0,3,3,0
2018,27,A (H3),0,0,1,4
2018,28,A (H3),0,1,2,6
2018,29,A (H3),1,0,0,3
2018,30,A (H3),0,1,2,0
2018,31,A (H3),0,3,4,3
2018,32,A (H3),0,0,5,3
2018,33,A (H3),0,1,1,7
2018,34,A (H3),1,5,4,10
2018,35,A (H3),0,1,1,3
2018,36,A (H3),0,1,5,9
2018,37,A (H3),1,2,4,6
2018,38,A (H3),3,0,5,7
2018,39,A (H3),0,0,5,7
2017,40,A (H1N1)pdm09,2,3,6,2
2017,41,A (H1N1)pdm09,4,3,5,0
2017,42,A (H1N1)pdm09,4,4,3,1
2017,43,A (H1N1)pdm09,7,12,5,0
2017,44,A (H1N1)pdm09,5,10,2,2
2017,45,A (H1N1)pdm09,3,6,10,0
2017,46,A (H1N1)pdm09,12,27,10,3
2017,47,A (H1N1)pdm09,10,8,17,1
2017,48,A (H1N1)pdm09,5,13,21,20
2017,49,A (H1N1)pdm09,9,19,27,9
2017,50,A (H1N1)pdm09,18,45,46,13
2017,51,A (H1N1)pdm09,22,46,117,37
2017,52,A (H1N1)pdm09,24,56,121,49
2018,1,A (H1N1)pdm09,45,42,141,62
2018,2,A (H1N1)pdm09,40,76,162,65
2018,3,A (H1N1)pdm09,64,82,157,50
2018,4,A (H1N1)pdm09,64,150,207,74
2018,5,A (H1N1)pdm09,74,168,186,76
2018,6,A (H1N1)pdm09,71,159,202,60
2018,7,A (H1N1)pdm09,62,122,185,67
2018,8,A (H1N1)pdm09,44,53,115,48
2018,9,A (H1N1)pdm09,20,57,102,35
2018,10,A (H1N1)pdm09,20,32,59,19
2018,11,A (H1N1)pdm09,32,43,54,25
2018,12,A (H1N1)pdm09,10,23,51,17
2018,13,A (H1N1)pdm09,18,26,59,16
2018,14,A (H1N1)pdm09,15,31,42,8
2018,15,A (H1N1)pdm09,11,28,43,13
2018,16,A (H1N1)pdm09,6,15,19,3
2018,17,A (H1N1)pdm09,8,16,11,7
2018,18,A (H1N1)pdm09,9,7,12,4
2018,19,A (H1N1)pdm09,2,4,6,1
2018,20,A (H1N1)pdm09,5,4,4,3
2018,21,A (H1N1)pdm09,9,5,2,2
2018,22,A (H1N1)pdm09,2,0,3,2
2018,23,A (H1N1)pdm09,1,1,2,2
2018,24,A (H1N1)pdm09,0,2,2,1
2018,25,A (H1N1)pdm09,0,1,0,0
2018,26,A (H1N1)pdm09,0,1,1,0
2018,27,A (H1N1)pdm09,3,0,3,1
2018,28,A (H1N1)pdm09,3,0,4,0
2018,29,A (H1N1)pdm09,0,7,5,1
2018,30,A (H1N1)pdm09,3,3,2,1
2018,31,A (H1N1)pdm09,1,3,2,1
2018,32,A (H1N1)pdm09,0,2,3,1
2018,33,A (H1N1)pdm09,0,0,3,1
2018,34,A (H1N1)pdm09,2,5,8,2
2018,35,A (H1N1)pdm09,3,0,4,3
2018,36,A (H1N1)pdm09,2,5,6,3
2018,37,A (H1N1)pdm09,6,8,12,3
2018,38,A (H1N1)pdm09,0,4,12,5
2018,39,A (H1N1)pdm09,1,6,11,2
2017,40,A (Subtyping not Performed),0,1,1,1
2017,41,A (Subtyping not Performed),2,2,2,2
2017,42,A (Subtyping not Performed),0,0,0,0
2017,43,A (Subtyping not Performed),7,6,8,3
2017,44,A (Subtyping not Performed),7,2,5,1
2017,45,A (Subtyping not Performed),0,0,1,0
2017,46,A (Subtyping not Performed),0,1,1,0
2017,47,A (Subtyping not Performed),0,0,0,0
2017,48,A (Subtyping not Performed),1,0,5,2
2017,49,A (Subtyping not Performed),0,0,0,2
2017,50,A (Subtyping not Performed),0,2,6,2
2017,51,A (Subtyping not Performed),1,2,8,4
2017,52,A (Subtyping not Performed),1,3,5,12
2018,1,A (Subtyping not Performed),0,0,10,10
2018,2,A (Subtyping not Performed),2,5,12,12
2018,3,A (Subtyping not Performed),0,3,10,8
2018,4,A (Subtyping not Performed),0,5,6,18
2018,5,A (Subtyping not Performed),1,7,9,15
2018,6,A (Subtyping not Performed),3,1,7,12
2018,7,A (Subtyping not Performed),0,0,5,17
2018,8,A (Subtyping not Performed),0,3,3,5
2018,9,A (Subtyping not Performed),1,0,3,2
2018,10,A (Subtyping not Performed),3,3,7,2
2018,11,A (Subtyping not Performed),2,6,4,0
2018,12,A (Subtyping not Performed),1,0,2,2
2018,13,A (Subtyping not Performed),0,2,0,1
2018,14,A (Subtyping not Performed),0,0,1,3
2018,15,A (Subtyping not Performed),0,0,0,0
2018,16,A (Subtyping not Performed),0,0,0,0
2018,17,A (Subtyping not Performed),0,0,0,0
2018,18,A (Subtyping not Performed),0,1,1,0
2018,19,A (Subtyping not Performed),0,0,0,0
2018,20,A (Subtyping not Performed),0,0,0,0
2018,21,A (Subtyping not Performed),0,0,0,0
2018,22,A (Subtyping not Performed),0,0,0,0
2018,23,A (Subtyping not Performed),0,0,0,0
2018,24,A (Subtyping not Performed),0,0,0,0
2018,25,A (Subtyping not Performed),0,0,0,0
2018,26,A (Subtyping not Performed),0,0,0,0
2018,27,A (Subtyping not Performed),0,0,0,0
2018,28,A (Subtyping not Performed),0,0,0,0
2018,29,A (Subtyping not Performed),0,0,0,0
2018,30,A (Subtyping not Performed),0,1,3,0
2018,31,A (Subtyping not Performed),0,2,0,1
2018,32,A (Subtyping not Performed),2,3,0,0
2018,33,A (Subtyping not Performed),0,1,0,0
2018,34,A (Subtyping not Performed),0,1,2,3
2018,35,A (Subtyping not Performed),0,0,0,0
2018,36,A (Subtyping not Performed),0,0,0,0
2018,37,A (Subtyping not Performed),0,0,0,0
2018,38,A (Subtyping not Performed),0,0,2,0
2018,39,A (Subtyping not Performed),0,0,0,0
2017,40,B (Victoria Lineage),0,0,0,0
2017,41,B (Victoria Lineage),0,1,1,0
2017,42,B (Victoria Lineage),0,0,0,0
2017,43,B (Victoria Lineage),0,0,0,0
2017,44,B (Victoria Lineage),0,2,0,0
2017,45,B (Victoria Lineage),0,1,2,0
2017,46,B (Victoria Lineage),0,3,1,1
2017,47,B (Victoria Lineage),1,1,3,0
2017,48,B (Victoria Lineage),0,6,1,0
2017,49,B (Victoria Lineage),3,9,0,3
2017,50,B (Victoria Lineage),2,20,6,1
2017,51,B (Victoria Lineage),5,23,9,0
2017,52,B (Victoria Lineage),7,11,7,2
2018,1,B (Victoria Lineage),10,14,9,7
2018,2,B (Victoria Lineage),6,18,8,6
2018,3,B (Victoria Lineage),5,20,11,2
2018,4,B (Victoria Lineage),11,27,13,2
2018,5,B (Victoria Lineage),15,42,12,3
2018,6,B (Victoria Lineage),22,50,17,7
2018,7,B (Victoria Lineage),18,64,20,6
2018,8,B (Victoria Lineage),20,54,26,9
2018,9,B (Victoria Lineage),7,53,20,3
2018,10,B (Victoria Lineage),8,47,22,4
2018,11,B (Victoria Lineage),11,33,19,3
2018,12,B (Victoria Lineage),9,27,11,4
2018,13,B (Victoria Lineage),11,29,13,8
2018,14,B (Victoria Lineage),7,26,12,7
2018,15,B (Victoria Lineage),3,21,9,7
2018,16,B (Victoria Lineage),4,21,10,5
2018,17,B (Victoria Lineage),3,15,10,0
2018,18,B (Victoria Lineage),2,4,7,1
2018,19,B (Victoria Lineage),0,1,5,0
2018,20,B (Victoria Lineage),1,2,1,2
2018,21,B (Victoria Lineage),0,2,1,1
2018,22,B (Victoria Lineage),0,1,1,0
2018,23,B (Victoria Lineage),1,0,2,0
2018,24,B (Victoria Lineage),0,1,2,0
2018,25,B (Victoria Lineage),0,1,2,0
2018,26,B (Victoria Lineage),0,0,0,0
2018,27,B (Victoria Lineage),0,0,0,0
2018,28,B (Victoria Lineage),0,1,0,1
2018,29,B (Victoria Lineage),0,1,0,1
2018,30,B (Victoria Lineage),0,2,0,0
2018,31,B (Victoria Lineage),0,0,0,0
2018,32,B (Victoria Lineage),0,0,0,0
2018,33,B (Victoria Lineage),0,0,0,0
2018,34,B (Victoria Lineage),0,0,0,0
2018,35,B (Victoria Lineage),0,0,0,0
2018,36,B (Victoria Lineage),0,0,0,0
2018,37,B (Victoria Lineage),0,0,0,1
2018,38,B (Victoria Lineage),0,1,0,0
2018,39,B (Victoria Lineage),0,0,0,0
2017,40,B (Yamagata Lineage),0,3,7,6
2017,41,B (Yamagata Lineage),2,0,9,2
2017,42,B (Yamagata Lineage),1,2,3,4
2017,43,B (Yamagata Lineage),0,6,7,6
2017,44,B (Yamagata Lineage),3,10,8,12
2017,45,B (Yamagata Lineage),1,8,14,6
2017,46,B (Yamagata Lineage),2,24,20,12
2017,47,B (Yamagata Lineage),4,20,14,22
2017,48,B (Yamagata Lineage),4,24,29,42
2017,49,B (Yamagata Lineage),3,34,33,27
2017,50,B (Yamagata Lineage),9,66,57,30
2017,51,B (Yamagata Lineage),18,70,84,59
2017,52,B (Yamagata Lineage),19,65,117,119
2018,1,B (Yamagata Lineage),26,54,159,170
2018,2,B (Yamagata Lineage),17,120,174,164
2018,3,B (Yamagata Lineage),33,108,187,154
2018,4,B (Yamagata Lineage),42,214,209,203
2018,5,B (Yamagata Lineage),45,267,222,186
2018,6,B (Yamagata Lineage),39,307,270,214
2018,7,B (Yamagata Lineage),47,283,281,249
2018,8,B (Yamagata Lineage),55,221,290,279
2018,9,B (Yamagata Lineage),42,144,176,243
2018,10,B (Yamagata Lineage),23,127,165,204
2018,11,B (Yamagata Lineage),21,98,145,215
2018,12,B (Yamagata Lineage),15,103,162,157
2018,13,B (Yamagata Lineage),28,88,148,167
2018,14,B (Yamagata Lineage),24,57,136,149
2018,15,B (Yamagata Lineage),20,38,93,117
2018,16,B (Yamagata Lineage),5,36,65,82
2018,17,B (Yamagata Lineage),10,22,44,55
2018,18,B (Yamagata Lineage),8,34,50,43
2018,19,B (Yamagata Lineage),1,11,27,27
2018,20,B (Yamagata Lineage),4,6,12,5
2018,21,B (Yamagata Lineage),2,5,7,5
2018,22,B (Yamagata Lineage),1,2,3,5
2018,23,B (Yamagata Lineage),0,2,3,4
2018,24,B (Yamagata Lineage),1,3,2,2
2018,25,B (Yamagata Lineage),1,1,1,3
2018,26,B (Yamagata Lineage),0,0,0,1
2018,27,B (Yamagata Lineage),1,3,0,2
2018,28,B (Yamagata Lineage),0,0,0,3
2018,29,B (Yamagata Lineage),1,0,1,2
2018,30,B (Yamagata Lineage),0,0,0,0
2018,31,B (Yamagata Lineage),0,0,0,1
2018,32,B (Yamagata Lineage),0,0,1,1
2018,33,B (Yamagata Lineage),0,1,1,0
2018,34,B (Yamagata Lineage),0,0,1,0
2018,35,B (Yamagata Lineage),0,0,2,0
2018,36,B (Yamagata Lineage),0,1,0,0
2018,37,B (Yamagata Lineage),0,2,2,1
2018,38,B (Yamagata Lineage),0,0,2,0
2018,39,B (Yamagata Lineage),0,2,1,0
2017,40,B (Lineage Unspecified),0,0,1,0
2017,41,B (Lineage Unspecified),2,0,0,1
2017,42,B (Lineage Unspecified),1,0,0,0
2017,43,B (Lineage Unspecified),3,3,2,3
2017,44,B (Lineage Unspecified),3,7,1,1
2017,45,B (Lineage Unspecified),0,5,1,4
2017,46,B (Lineage Unspecified),2,11,2,5
2017,47,B (Lineage Unspecified),2,2,3,1
2017,48,B (Lineage Unspecified),0,3,6,9
2017,49,B (Lineage Unspecified),2,12,9,2
2017,50,B (Lineage Unspecified),0,18,8,7
2017,51,B (Lineage Unspecified),5,10,22,20
2017,52,B (Lineage Unspecified),2,15,15,23
2018,1,B (Lineage Unspecified),2,10,31,37
2018,2,B (Lineage Unspecified),4,34,49,26
2018,3,B (Lineage Unspecified),5,47,39,34
2018,4,B (Lineage Unspecified),8,67,50,33
2018,5,B (Lineage Unspecified),15,139,70,31
2018,6,B (Lineage Unspecified),22,127,95,30
2018,7,B (Lineage Unspecified),15,88,86,25
2018,8,B (Lineage Unspecified),11,73,78,40
2018,9,B (Lineage Unspecified),14,63,62,39
2018,10,B (Lineage Unspecified),7,45,42,36
2018,11,B (Lineage Unspecified),15,39,39,27
2018,12,B (Lineage Unspecified),12,27,43,24
2018,13,B (Lineage Unspecified),10,25,23,26
2018,14,B (Lineage Unspecified),6,14,28,11
2018,15,B (Lineage Unspecified),0,16,20,8
2018,16,B (Lineage Unspecified),8,9,16,9
2018,17,B (Lineage Unspecified),3,19,19,8
2018,18,B (Lineage Unspecified),1,8,6,7
2018,19,B (Lineage Unspecified),0,2,4,2
2018,20,B (Lineage Unspecified),0,5,4,1
2018,21,B (Lineage Unspecified),1,2,2,3
2018,22,B (Lineage Unspecified),0,0,0,2
2018,23,B (Lineage Unspecified),0,0,0,2
2018,24,B (Lineage Unspecified),0,0,1,0
2018,25,B (Lineage Unspecified),0,0,0,0
2018,26,B (Lineage Unspecified),0,0,0,0
2018,27,B (Lineage Unspecified),0,1,0,0
2018,28,B (Lineage Unspecified),0,0,0,1
2018,29,B (Lineage Unspecified),1,1,0,0
2018,30,B (Lineage Unspecified),0,0,0,0
2018,31,B (Lineage Unspecified),0,0,0,0
2018,32,B (Lineage Unspecified),0,0,1,0
2018,33,B (Lineage Unspecified),0,0,0,0
2018,34,B (Lineage Unspecified),0,0,0,1
2018,35,B (Lineage Unspecified),0,0,0,0
2018,36,B (Lineage Unspecified),1,0,0,0
2018,37,B (Lineage Unspecified),0,0,0,0
2018,38,B (Lineage Unspecified),0,0,1,0
2018,39,B (Lineage Unspecified),0,0,0,0
2017,40,H3N2v,0,0,1,0
2017,41,H3N2v,0,0,0,0
2017,42,H3N2v,0,0,0,0
2017,43,H3N2v,0,0,0,0
2017,44,H3N2v,0,0,0,0
2017,45,H3N2v,0,0,0,0
2017,46,H3N2v,0,0,0,0
2017,47,H3N2v,0,0,0,0
2017,48,H3N2v,0,1,0,0
2017,49,H3N2v,0,0,0,0
2017,50,H3N2v,0,0,0,0
2017,51,H3N2v,0,0,0,0
2017,52,H3N2v,0,0,0,0
2018,1,H3N2v,0,0,0,0
2018,2,H3N2v,0,0,0,0
2018,3,H3N2v,0,0,0,0
2018,4,H3N2v,0,0,0,0
2018,5,H3N2v,0,0,0,0
2018,6,H3N2v,0,0,0,0
2018,7,H3N2v,0,0,0,0
2018,8,H3N2v,0,0,0,0
2018,9,H3N2v,0,0,0,0
2018,10,H3N2v,0,0,0,0
2018,11,H3N2v,0,0,0,0
2018,12,H3N2v,0,0,0,0
2018,13,H3N2v,0,0,0,0
2018,14,H3N2v,0,0,0,0
2018,15,H3N2v,0,0,0,0
2018,16,H3N2v,0,0,0,0
2018,17,H3N2v,0,0,0,0
2018,18,H3N2v,0,0,0,0
2018,19,H3N2v,0,0,0,0
2018,20,H3N2v,0,0,0,0
2018,21,H3N2v,0,0,0,0
2018,22,H3N2v,0,0,0,0
2018,23,H3N2v,0,0,0,0
2018,24,H3N2v,0,0,0,0
2018,25,H3N2v,0,1,0,0
2018,26,H3N2v,0,0,0,0
2018,27,H3N2v,0,0,0,0
2018,28,H3N2v,0,0,0,0
2018,29,H3N2v,0,0,0,0
2018,30,H3N2v,0,0,0,0
2018,31,H3N2v,0,0,0,0
2018,32,H3N2v,0,0,0,0
2018,33,H3N2v,0,0,0,0
2018,34,H3N2v,0,0,0,0
2018,35,H3N2v,0,0,0,0
2018,36,H3N2v,0,0,0,0
2018,37,H3N2v,0,0,0,0
2018,38,H3N2v,0,0,0,0
2018,39,H3N2v,0,0,0,0
2016,40,A (H3),6,25,23,28
2016,41,A (H3),3,22,22,27
2016,42,A (H3),5,28,38,35
2016,43,A (H3),7,29,44,43
2016,44,A (H3),6,39,35,29
2016,45,A (H3),8,41,42,40
2016,46,A (H3),12,49,50,52
2016,47,A (H3),15,28,59,46
2016,48,A (H3),14,71,92,80
2016,49,A (H3),30,130,136,109
2016,50,A (H3),40,229,193,179
2016,51,A (H3),69,254,276,268
2016,52,A (H3),93,196,434,587
2017,1,A (H3),105,258,493,621
2017,2,A (H3),133,458,478,612
2017,3,A (H3),151,585,518,593
2017,4,A (H3),148,739,554,602
2017,5,A (H3),163,916,634,607
2017,6,A (H3),186,893,689,847
2017,7,A (H3),177,715,680,841
2017,8,A (H3),149,542,631,874
2017,9,A (H3),118,344,350,547
2017,10,A (H3),97,306,337,429
2017,11,A (H3),72,202,258,304
2017,12,A (H3),63,232,216,298
2017,13,A (H3),60,150,197,234
2017,14,A (H3),40,87,111,128
2017,15,A (H3),13,52,69,83
2017,16,A (H3),16,39,37,46
2017,17,A (H3),16,46,32,36
2017,18,A (H3),6,23,26,25
2017,19,A (H3),6,16,30,43
2017,20,A (H3),5,11,14,32
2017,21,A (H3),0,10,13,15
2017,22,A (H3),1,4,22,11
2017,23,A (H3),2,5,13,13
2017,24,A (H3),3,5,9,26
2017,25,A (H3),0,4,13,16
2017,26,A (H3),2,9,15,11
2017,27,A (H3),5,5,7,10
2017,28,A (H3),4,7,6,9
2017,29,A (H3),2,7,8,8
2017,30,A (H3),2,3,15,9
2017,31,A (H3),2,10,14,14
2017,32,A (H3),4,7,14,15
2017,33,A (H3),4,10,8,7
2017,34,A (H3),4,14,12,22
2017,35,A (H3),2,9,24,26
2017,36,A (H3),8,15,29,47
2017,37,A (H3),9,16,31,48
2017,38,A (H3),5,15,40,39
2017,39,A (H3),9,9,39,57
2016,40,A (H1N1)pdm09,0,2,6,1
2016,41,A (H1N1)pdm09,2,4,3,2
2016,42,A (H1N1)pdm09,3,2,5,2
2016,43,A (H1N1)pdm09,2,3,6,2
2016,44,A (H1N1)pdm09,3,2,6,0
2016,45,A (H1N1)pdm09,1,2,1,1
2016,46,A (H1N1)pdm09,5,2,2,0
2016,47,A (H1N1)pdm09,1,0,3,1
2016,48,A (H1N1)pdm09,2,4,2,3
2016,49,A (H1N1)pdm09,2,3,4,3
2016,50,A (H1N1)pdm09,1,3,7,4
2016,51,A (H1N1)pdm09,3,6,9,6
2016,52,A (H1N1)pdm09,9,1,9,2
2017,1,A (H1N1)pdm09,4,5,22,5
2017,2,A (H1N1)pdm09,5,9,13,8
2017,3,A (H1N1)pdm09,3,10,24,9
2017,4,A (H1N1)pdm09,9,4,17,4
2017,5,A (H1N1)pdm09,5,11,11,8
2017,6,A (H1N1)pdm09,11,21,20,10
2017,7,A (H1N1)pdm09,5,16,25,7
2017,8,A (H1N1)pdm09,11,16,26,26
2017,9,A (H1N1)pdm09,8,14,22,5
2017,10,A (H1N1)pdm09,5,9,22,8
2017,11,A (H1N1)pdm09,3,7,11,3
2017,12,A (H1N1)pdm09,9,7,10,5
2017,13,A (H1N1)pdm09,2,4,14,5
2017,14,A (H1N1)pdm09,2,1,7,5
2017,15,A (H1N1)pdm09,0,2,2,1
2017,16,A (H1N1)pdm09,1,1,5,1
2017,17,A (H1N1)pdm09,1,0,4,0
2017,18,A (H1N1)pdm09,1,2,2,0
2017,19,A (H1N1)pdm09,0,1,1,0
2017,20,A (H1N1)pdm09,0,0,2,2
2017,21,A (H1N1)pdm09,0,2,3,0
2017,22,A (H1N1)pdm09,0,0,1,0
2017,23,A (H1N1)pdm09,0,0,3,1
2017,24,A (H1N1)pdm09,0,0,6,2
2017,25,A (H1N1)pdm09,1,0,4,0
2017,26,A (H1N1)pdm09,1,1,3,0
2017,27,A (H1N1)pdm09,1,2,5,1
2017,28,A (H1N1)pdm09,1,2,0,0
2017,29,A (H1N1)pdm09,1,1,5,0
2017,30,A (H1N1)pdm09,2,1,1,2
2017,31,A (H1N1)pdm09,0,2,3,2
2017,32,A (H1N1)pdm09,1,1,3,1
2017,33,A (H1N1)pdm09,0,0,1,2
2017,34,A (H1N1)pdm09,0,1,1,2
2017,35,A (H1N1)pdm09,6,4,4,2
2017,36,A (H1N1)pdm09,0,2,7,3
2017,37,A (H1N1)pdm09,3,0,2,2
2017,38,A (H1N1)pdm09,0,0,2,0
2017,39,A (H1N1)pdm09,4,3,1,1
2016,40,A (Subtyping not Performed),0,0,0,0
2016,41,A (Subtyping not Performed),0,0,0,0
2016,42,A (Subtyping not Performed),0,0,1,1
2016,43,A (Subtyping not Performed),0,0,0,0
2016,44,A (Subtyping not Performed),0,1,2,0
2016,45,A (Subtyping not Performed),0,0,0,1
2016,46,A (Subtyping not Performed),1,0,1,0
2016,47,A (Subtyping not Performed),1,1,1,5
2016,48,A (Subtyping not Performed),1,2,2,3
2016,49,A (Subtyping not Performed),0,0,1,0
2016,50,A (Subtyping not Performed),2,1,0,0
2016,51,A (Subtyping not Performed),1,5,2,1
2016,52,A (Subtyping not Performed),1,3,11,8
2017,1,A (Subtyping not Performed),0,2,2,2
2017,2,A (Subtyping not Performed),0,2,7,5
2017,3,A (Subtyping not Performed),1,2,5,1
2017,4,A (Subtyping not Performed),1,10,1,5
2017,5,A (Subtyping not Performed),2,5,7,3
2017,6,A (Subtyping not Performed),0,2,5,11
2017,7,A (Subtyping not Performed),0,6,2,5
2017,8,A (Subtyping not Performed),0,3,3,3
2017,9,A (Subtyping not Performed),1,2,2,8
2017,10,A (Subtyping not Performed),2,2,3,6
2017,11,A (Subtyping not Performed),2,2,1,3
2017,12,A (Subtyping not Performed),0,0,2,1
2017,13,A (Subtyping not Performed),0,1,0,2
2017,14,A (Subtyping not Performed),0,0,4,0
2017,15,A (Subtyping not Performed),0,0,0,1
2017,16,A (Subtyping not Performed),0,0,1,1
2017,17,A (Subtyping not Performed),0,1,1,0
2017,18,A (Subtyping not Performed),0,0,1,1
2017,19,A (Subtyping not Performed),0,0,1,0
2017,20,A (Subtyping not Performed),0,0,1,0
2017,21,A (Subtyping not Performed),0,0,0,0
2017,22,A (Subtyping not Performed),0,0,0,0
2017,23,A (Subtyping not Performed),0,0,0,0
2017,24,A (Subtyping not Performed),0,0,0,1
2017,25,A (Subtyping not Performed),0,0,0,0
2017,26,A (Subtyping not Performed),0,0,0,0
2017,27,A (Subtyping not Performed),0,0,0,0
2017,28,A (Subtyping not Performed),0,0,0,0
2017,29,A (Subtyping not Performed),0,0,0,0
2017,30,A (Subtyping not Performed),0,1,2,1
2017,31,A (Subtyping not Performed),0,0,0,0
2017,32,A (Subtyping not Performed),1,0,0,0
2017,33,A (Subtyping not Performed),0,2,0,0
2017,34,A (Subtyping not Performed),0,1,1,0
2017,35,A (Subtyping not Performed),0,0,1,0
2017,36,A (Subtyping not Performed),0,0,1,1
2017,37,A (Subtyping not Performed),0,0,0,0
2017,38,A (Subtyping not Performed),0,0,0,3
2017,39,A (Subtyping not Performed),0,0,0,0
2016,40,B (Victoria Lineage),0,2,3,0
2016,41,B (Victoria Lineage),1,4,1,1
2016,42,B (Victoria Lineage),4,3,1,0
2016,43,B (Victoria Lineage),0,3,0,0
2016,44,B (Victoria Lineage),2,4,3,1
2016,45,B (Victoria Lineage),0,4,1,0
2016,46,B (Victoria Lineage),0,2,3,2
2016,47,B (Victoria Lineage),0,4,0,0
2016,48,B (Victoria Lineage),3,9,4,1
2016,49,B (Victoria Lineage),1,16,2,0
2016,50,B (Victoria Lineage),2,21,2,2
2016,51,B (Victoria Lineage),7,20,8,2
2016,52,B (Victoria Lineage),10,29,17,2
2017,1,B (Victoria Lineage),10,22,14,1
2017,2,B (Victoria Lineage),7,22,14,6
2017,3,B (Victoria Lineage),7,37,20,4
2017,4,B (Victoria Lineage),9,37,22,2
2017,5,B (Victoria Lineage),15,56,19,5
2017,6,B (Victoria Lineage),24,67,26,8
2017,7,B (Victoria Lineage),18,89,31,11
2017,8,B (Victoria Lineage),29,89,22,14
2017,9,B (Victoria Lineage),30,61,36,13
2017,10,B (Victoria Lineage),14,82,26,14
2017,11,B (Victoria Lineage),24,67,34,15
2017,12,B (Victoria Lineage),27,91,49,23
2017,13,B (Victoria Lineage),14,70,40,19
2017,14,B (Victoria Lineage),21,56,22,18
2017,15,B (Victoria Lineage),8,34,20,4
2017,16,B (Victoria Lineage),10,28,14,2
2017,17,B (Victoria Lineage),1,32,11,6
2017,18,B (Victoria Lineage),7,18,6,0
2017,19,B (Victoria Lineage),4,17,12,4
2017,20,B (Victoria Lineage),8,13,12,0
2017,21,B (Victoria Lineage),3,9,11,2
2017,22,B (Victoria Lineage),7,22,17,3
2017,23,B (Victoria Lineage),6,8,5,2
2017,24,B (Victoria Lineage),1,4,5,1
2017,25,B (Victoria Lineage),1,4,3,2
2017,26,B (Victoria Lineage),0,3,1,0
2017,27,B (Victoria Lineage),1,3,3,0
2017,28,B (Victoria Lineage),0,3,1,1
2017,29,B (Victoria Lineage),0,0,0,0
2017,30,B (Victoria Lineage),0,1,0,0
2017,31,B (Victoria Lineage),0,0,0,0
2017,32,B (Victoria Lineage),0,0,0,0
2017,33,B (Victoria Lineage),0,0,0,0
2017,34,B (Victoria Lineage),0,1,0,0
2017,35,B (Victoria Lineage),0,0,0,0
2017,36,B (Victoria Lineage),0,0,0,0
2017,37,B (Victoria Lineage),0,1,1,0
2017,38,B (Victoria Lineage),0,1,0,0
2017,39,B (Victoria Lineage),0,0,0,0
2016,40,B (Yamagata Lineage),0,0,2,1
2016,41,B (Yamagata Lineage),0,2,3,1
2016,42,B (Yamagata Lineage),1,6,2,0
2016,43,B (Yamagata Lineage),0,1,2,0
2016,44,B (Yamagata Lineage),1,1,4,0
2016,45,B (Yamagata Lineage),0,0,1,0
2016,46,B (Yamagata Lineage),0,0,1,0
2016,47,B (Yamagata Lineage),0,0,1,1
2016,48,B (Yamagata Lineage),0,0,3,2
2016,49,B (Yamagata Lineage),0,3,2,1
2016,50,B (Yamagata Lineage),1,5,6,6
2016,51,B (Yamagata Lineage),1,7,11,6
2016,52,B (Yamagata Lineage),4,6,13,13
2017,1,B (Yamagata Lineage),6,13,22,17
2017,2,B (Yamagata Lineage),3,24,26,20
2017,3,B (Yamagata Lineage),9,35,36,20
2017,4,B (Yamagata Lineage),12,43,37,24
2017,5,B (Yamagata Lineage),15,73,48,43
2017,6,B (Yamagata Lineage),13,104,62,50
2017,7,B (Yamagata Lineage),28,92,96,76
2017,8,B (Yamagata Lineage),20,115,117,93
2017,9,B (Yamagata Lineage),23,95,107,121
2017,10,B (Yamagata Lineage),30,112,128,109
2017,11,B (Yamagata Lineage),30,109,141,137
2017,12,B (Yamagata Lineage),22,115,199,174
2017,13,B (Yamagata Lineage),27,120,187,225
2017,14,B (Yamagata Lineage),20,87,153,179
2017,15,B (Yamagata Lineage),23,78,113,157
2017,16,B (Yamagata Lineage),4,50,88,97
2017,17,B (Yamagata Lineage),10,50,57,57
2017,18,B (Yamagata Lineage),6,44,42,34
2017,19,B (Yamagata Lineage),7,32,38,36
2017,20,B (Yamagata Lineage),5,34,37,31
2017,21,B (Yamagata Lineage),5,23,27,20
2017,22,B (Yamagata Lineage),4,14,33,7
2017,23,B (Yamagata Lineage),3,10,27,21
2017,24,B (Yamagata Lineage),2,13,13,16
2017,25,B (Yamagata Lineage),3,4,13,9
2017,26,B (Yamagata Lineage),2,5,5,9
2017,27,B (Yamagata Lineage),2,2,2,0
2017,28,B (Yamagata Lineage),1,2,5,1
2017,29,B (Yamagata Lineage),0,2,0,4
2017,30,B (Yamagata Lineage),3,3,13,0
2017,31,B (Yamagata Lineage),0,0,2,6
2017,32,B (Yamagata Lineage),0,0,3,17
2017,33,B (Yamagata Lineage),0,0,5,4
2017,34,B (Yamagata Lineage),0,2,3,2
2017,35,B (Yamagata Lineage),0,0,0,0
2017,36,B (Yamagata Lineage),0,4,4,5
2017,37,B (Yamagata Lineage),0,3,5,9
2017,38,B (Yamagata Lineage),1,0,8,9
2017,39,B (Yamagata Lineage),0,3,5,2
2016,40,B (Lineage Unspecified),0,1,0,0
2016,41,B (Lineage Unspecified),1,1,1,0
2016,42,B (Lineage Unspecified),0,0,1,0
2016,43,B (Lineage Unspecified),1,2,1,1
2016,44,B (Lineage Unspecified),0,3,0,0
2016,45,B (Lineage Unspecified),0,5,0,0
2016,46,B (Lineage Unspecified),1,8,4,0
2016,47,B (Lineage Unspecified),4,6,0,0
2016,48,B (Lineage Unspecified),2,10,2,2
2016,49,B (Lineage Unspecified),0,2,1,0
2016,50,B (Lineage Unspecified),3,8,4,0
2016,51,B (Lineage Unspecified),1,6,6,2
2016,52,B (Lineage Unspecified),0,7,4,2
2017,1,B (Lineage Unspecified),4,3,10,1
2017,2,B (Lineage Unspecified),4,6,6,3
2017,3,B (Lineage Unspecified),3,7,9,4
2017,4,B (Lineage Unspecified),2,13,8,3
2017,5,B (Lineage Unspecified),4,26,9,6
2017,6,B (Lineage Unspecified),2,20,12,7
2017,7,B (Lineage Unspecified),13,38,31,14
2017,8,B (Lineage Unspecified),9,38,26,8
2017,9,B (Lineage Unspecified),13,38,27,13
2017,10,B (Lineage Unspecified),5,55,28,12
2017,11,B (Lineage Unspecified),11,43,39,20
2017,12,B (Lineage Unspecified),8,47,43,18
2017,13,B (Lineage Unspecified),13,74,69,59
2017,14,B (Lineage Unspecified),9,52,49,19
2017,15,B (Lineage Unspecified),5,33,35,5
2017,16,B (Lineage Unspecified),6,20,32,16
2017,17,B (Lineage Unspecified),3,9,25,2
2017,18,B (Lineage Unspecified),2,10,13,12
2017,19,B (Lineage Unspecified),2,10,12,8
2017,20,B (Lineage Unspecified),3,10,10,4
2017,21,B (Lineage Unspecified),0,5,2,5
2017,22,B (Lineage Unspecified),0,4,7,2
2017,23,B (Lineage Unspecified),2,3,4,3
2017,24,B (Lineage Unspecified),1,2,2,3
2017,25,B (Lineage Unspecified),1,2,1,1
2017,26,B (Lineage Unspecified),1,1,4,0
2017,27,B (Lineage Unspecified),1,0,2,1
2017,28,B (Lineage Unspecified),2,4,3,1
2017,29,B (Lineage Unspecified),0,3,1,4
2017,30,B (Lineage Unspecified),0,1,1,1
2017,31,B (Lineage Unspecified),0,2,1,0
2017,32,B (Lineage Unspecified),0,1,0,5
2017,33,B (Lineage Unspecified),0,1,0,0
2017,34,B (Lineage Unspecified),0,9,1,0
2017,35,B (Lineage Unspecified),0,7,0,0
2017,36,B (Lineage Unspecified),0,0,1,2
2017,37,B (Lineage Unspecified),0,5,3,6
2017,38,B (Lineage Unspecified),0,1,2,5
2017,39,B (Lineage Unspecified),1,1,0,1
2016,40,H3N2v,0,0,0,0
2016,41,H3N2v,0,0,0,0
2016,42,H3N2v,0,0,0,0
2016,43,H3N2v,0,0,0,0
2016,44,H3N2v,0,0,0,0
2016,45,H3N2v,0,0,0,0
2016,46,H3N2v,0,0,0,0
2016,47,H3N2v,0,0,0,0
2016,48,H3N2v,0,0,0,0
2016,49,H3N2v,0,0,0,0
2016,50,H3N2v,0,0,0,0
2016,51,H3N2v,0,0,0,0
2016,52,H3N2v,0,0,0,0
2017,1,H3N2v,0,0,0,0
2017,2,H3N2v,0,0,0,0
2017,3,H3N2v,0,0,0,0
2017,4,H3N2v,0,0,0,0
2017,5,H3N2v,0,0,0,0
2017,6,H3N2v,0,0,0,0
2017,7,H3N2v,0,0,0,0
2017,8,H3N2v,0,0,0,0
2017,9,H3N2v,0,0,0,0
2017,10,H3N2v,0,0,0,0
2017,11,H3N2v,0,0,0,0
2017,12,H3N2v,0,0,0,0
2017,13,H3N2v,0,0,0,0
2017,14,H3N2v,0,0,0,0
2017,15,H3N2v,0,0,0,0
2017,16,H3N2v,0,0,0,0
2017,17,H3N2v,0,0,0,0
2017,18,H3N2v,0,0,0,0
2017,19,H3N2v,0,0,0,0
2017,20,H3N2v,0,0,0,0
2017,21,H3N2v,0,0,0,0
2017,22,H3N2v,0,0,0,0
2017,23,H3N2v,0,0,0,0
2017,24,H3N2v,0,0,0,0
2017,25,H3N2v,0,0,0,0
2017,26,H3N2v,0,0,0,0
2017,27,H3N2v,0,0,0,0
2017,28,H3N2v,1,1,0,0
2017,29,H3N2v,3,5,0,1
2017,30,H3N2v,0,0,0,0
2017,31,H3N2v,2,3,0,0
2017,32,H3N2v,0,0,0,1
2017,33,H3N2v,0,0,0,0
2017,34,H3N2v,0,0,0,0
2017,35,H3N2v,0,0,0,0
2017,36,H3N2v,0,0,0,0
2017,37,H3N2v,0,0,0,0
2017,38,H3N2v,9,6,1,1
2017,39,H3N2v,14,9,1,0
2015,40,A (H3),7,5,23,29
2015,41,A (H3),2,11,9,19
2015,42,A (H3),1,7,18,17
2015,43,A (H3),4,6,4,16
2015,44,A (H3),1,8,8,6
2015,45,A (H3),2,14,7,3
2015,46,A (H3),1,15,16,6
2015,47,A (H3),2,7,3,8
2015,48,A (H3),1,11,14,7
2015,49,A (H3),6,12,9,8
2015,50,A (H3),4,13,5,14
2015,51,A (H3),4,9,10,6
2015,52,A (H3),4,16,9,8
2016,1,A (H3),4,19,16,8
2016,2,A (H3),6,30,17,14
2016,3,A (H3),8,44,20,9
2016,4,A (H3),14,80,31,14
2016,5,A (H3),15,74,37,21
2016,6,A (H3),20,82,56,25
2016,7,A (H3),25,88,60,35
2016,8,A (H3),14,77,62,29
2016,9,A (H3),16,94,83,62
2016,10,A (H3),23,105,80,69
2016,11,A (H3),17,72,41,56
2016,12,A (H3),13,66,49,46
2016,13,A (H3),11,54,51,39
2016,14,A (H3),5,33,43,40
2016,15,A (H3),4,42,38,19
2016,16,A (H3),11,45,33,29
2016,17,A (H3),2,44,24,18
2016,18,A (H3),1,32,14,9
2016,19,A (H3),2,30,16,11
2016,20,A (H3),5,29,20,17
2016,21,A (H3),2,17,14,5
2016,22,A (H3),2,3,2,2
2016,23,A (H3),2,4,4,3
2016,24,A (H3),1,5,9,2
2016,25,A (H3),4,7,6,3
2016,26,A (H3),2,4,2,6
2016,27,A (H3),1,2,10,4
2016,28,A (H3),0,9,5,2
2016,29,A (H3),2,7,6,2
2016,30,A (H3),1,22,8,2
2016,31,A (H3),3,33,5,1
2016,32,A (H3),5,7,6,2
2016,33,A (H3),3,9,7,9
2016,34,A (H3),3,7,7,7
2016,35,A (H3),5,5,7,15
2016,36,A (H3),1,16,7,19
2016,37,A (H3),5,20,14,15
2016,38,A (H3),4,31,20,19
2016,39,A (H3),8,31,15,17
2015,40,A (H1N1)pdm09,2,0,2,0
2015,41,A (H1N1)pdm09,1,0,3,1
2015,42,A (H1N1)pdm09,1,2,5,2
2015,43,A (H1N1)pdm09,1,2,5,1
2015,44,A (H1N1)pdm09,1,0,3,0
2015,45,A (H1N1)pdm09,1,4,4,0
2015,46,A (H1N1)pdm09,8,3,4,2
2015,47,A (H1N1)pdm09,5,1,9,0
2015,48,A (H1N1)pdm09,2,9,13,2
2015,49,A (H1N1)pdm09,5,9,16,5
2015,50,A (H1N1)pdm09,10,17,34,3
2015,51,A (H1N1)pdm09,7,16,44,13
2015,52,A (H1N1)pdm09,23,17,77,14
2016,1,A (H1N1)pdm09,30,41,95,22
2016,2,A (H1N1)pdm09,28,50,127,18
2016,3,A (H1N1)pdm09,51,80,159,30
2016,4,A (H1N1)pdm09,75,121,225,37
2016,5,A (H1N1)pdm09,84,172,297,61
2016,6,A (H1N1)pdm09,96,212,392,73
2016,7,A (H1N1)pdm09,177,318,556,129
2016,8,A (H1N1)pdm09,177,400,774,177
2016,9,A (H1N1)pdm09,246,447,827,220
2016,10,A (H1N1)pdm09,275,498,1007,286
2016,11,A (H1N1)pdm09,183,322,701,213
2016,12,A (H1N1)pdm09,103,221,489,177
2016,13,A (H1N1)pdm09,102,132,371,158
2016,14,A (H1N1)pdm09,66,111,215,92
2016,15,A (H1N1)pdm09,43,80,170,54
2016,16,A (H1N1)pdm09,31,61,116,47
2016,17,A (H1N1)pdm09,16,33,73,30
2016,18,A (H1N1)pdm09,8,5,45,10
2016,19,A (H1N1)pdm09,5,8,17,11
2016,20,A (H1N1)pdm09,3,7,13,7
2016,21,A (H1N1)pdm09,2,3,7,2
2016,22,A (H1N1)pdm09,0,1,2,1
2016,23,A (H1N1)pdm09,0,0,1,1
2016,24,A (H1N1)pdm09,0,1,2,0
2016,25,A (H1N1)pdm09,1,1,1,1
2016,26,A (H1N1)pdm09,1,0,1,0
2016,27,A (H1N1)pdm09,1,0,1,0
2016,28,A (H1N1)pdm09,0,0,1,0
2016,29,A (H1N1)pdm09,0,1,1,0
2016,30,A (H1N1)pdm09,0,0,2,0
2016,31,A (H1N1)pdm09,0,0,0,0
2016,32,A (H1N1)pdm09,3,0,1,0
2016,33,A (H1N1)pdm09,0,1,0,0
2016,34,A (H1N1)pdm09,0,2,2,1
2016,35,A (H1N1)pdm09,1,3,2,1
2016,36,A (H1N1)pdm09,0,2,1,0
2016,37,A (H1N1)pdm09,0,3,2,2
2016,38,A (H1N1)pdm09,0,1,1,1
2016,39,A (H1N1)pdm09,1,1,2,1
2015,40,A (Subtyping not Performed),0,0,1,1
2015,41,A (Subtyping not Performed),1,0,0,1
2015,42,A (Subtyping not Performed),0,0,0,1
2015,43,A (Subtyping not Performed),1,2,1,0
2015,44,A (Subtyping not Performed),3,0,0,1
2015,45,A (Subtyping not Performed),0,0,1,0
2015,46,A (Subtyping not Performed),0,0,0,1
2015,47,A (Subtyping not Performed),0,0,0,0
2015,48,A (Subtyping not Performed),0,0,2,0
2015,49,A (Subtyping not Performed),0,1,1,1
2015,50,A (Subtyping not Performed),0,0,0,0
2015,51,A (Subtyping not Performed),0,0,1,0
2015,52,A (Subtyping not Performed),0,0,0,1
2016,1,A (Subtyping not Performed),0,1,1,0
2016,2,A (Subtyping not Performed),2,0,2,0
2016,3,A (Subtyping not Performed),2,3,6,2
2016,4,A (Subtyping not Performed),2,4,7,1
2016,5,A (Subtyping not Performed),3,2,4,1
2016,6,A (Subtyping not Performed),2,1,7,6
2016,7,A (Subtyping not Performed),2,6,8,1
2016,8,A (Subtyping not Performed),3,8,11,5
2016,9,A (Subtyping not Performed),3,5,19,5
2016,10,A (Subtyping not Performed),3,15,19,9
2016,11,A (Subtyping not Performed),0,3,16,4
2016,12,A (Subtyping not Performed),0,3,10,4
2016,13,A (Subtyping not Performed),2,6,14,11
2016,14,A (Subtyping not Performed),0,4,17,11
2016,15,A (Subtyping not Performed),1,1,7,5
2016,16,A (Subtyping not Performed),1,3,8,3
2016,17,A (Subtyping not Performed),0,0,4,1
2016,18,A (Subtyping not Performed),0,0,2,0
2016,19,A (Subtyping not Performed),0,0,1,1
2016,20,A (Subtyping not Performed),0,0,4,0
2016,21,A (Subtyping not Performed),1,0,0,1
2016,22,A (Subtyping not Performed),0,0,1,0
2016,23,A (Subtyping not Performed),0,0,0,1
2016,24,A (Subtyping not Performed),0,0,0,0
2016,25,A (Subtyping not Performed),0,0,0,0
2016,26,A (Subtyping not Performed),1,1,1,0
2016,27,A (Subtyping not Performed),0,0,0,0
2016,28,A (Subtyping not Performed),0,1,0,0
2016,29,A (Subtyping not Performed),0,0,0,0
2016,30,A (Subtyping not Performed),0,0,0,0
2016,31,A (Subtyping not Performed),0,2,0,0
2016,32,A (Subtyping not Performed),0,0,0,0
2016,33,A (Subtyping not Performed),0,0,0,0
2016,34,A (Subtyping not Performed),0,0,0,0
2016,35,A (Subtyping not Performed),0,0,0,0
2016,36,A (Subtyping not Performed),0,0,0,0
2016,37,A (Subtyping not Performed),1,0,0,0
2016,38,A (Subtyping not Performed),0,0,0,0
2016,39,A (Subtyping not Performed),0,0,0,1
2015,40,B (Victoria Lineage),0,0,0,0
2015,41,B (Victoria Lineage),1,1,0,1
2015,42,B (Victoria Lineage),1,1,0,0
2015,43,B (Victoria Lineage),0,1,0,0
2015,44,B (Victoria Lineage),0,1,0,0
2015,45,B (Victoria Lineage),0,3,1,0
2015,46,B (Victoria Lineage),0,0,0,0
2015,47,B (Victoria Lineage),1,2,0,0
2015,48,B (Victoria Lineage),0,2,1,0
2015,49,B (Victoria Lineage),0,1,1,0
2015,50,B (Victoria Lineage),0,2,2,0
2015,51,B (Victoria Lineage),0,2,0,0
2015,52,B (Victoria Lineage),1,4,3,0
2016,1,B (Victoria Lineage),0,2,3,2
2016,2,B (Victoria Lineage),2,11,6,2
2016,3,B (Victoria Lineage),4,10,4,0
2016,4,B (Victoria Lineage),2,17,2,0
2016,5,B (Victoria Lineage),12,27,7,4
2016,6,B (Victoria Lineage),7,28,9,2
2016,7,B (Victoria Lineage),15,33,16,4
2016,8,B (Victoria Lineage),17,66,28,8
2016,9,B (Victoria Lineage),16,52,30,14
2016,10,B (Victoria Lineage),9,85,31,15
2016,11,B (Victoria Lineage),21,64,34,13
2016,12,B (Victoria Lineage),18,52,25,10
2016,13,B (Victoria Lineage),17,48,36,15
2016,14,B (Victoria Lineage),12,39,29,17
2016,15,B (Victoria Lineage),7,44,26,7
2016,16,B (Victoria Lineage),6,41,24,11
2016,17,B (Victoria Lineage),7,37,23,9
2016,18,B (Victoria Lineage),7,23,15,6
2016,19,B (Victoria Lineage),4,19,11,2
2016,20,B (Victoria Lineage),2,6,4,0
2016,21,B (Victoria Lineage),1,8,7,5
2016,22,B (Victoria Lineage),4,6,3,0
2016,23,B (Victoria Lineage),2,2,2,0
2016,24,B (Victoria Lineage),2,3,1,0
2016,25,B (Victoria Lineage),0,3,5,1
2016,26,B (Victoria Lineage),3,1,2,0
2016,27,B (Victoria Lineage),0,2,1,2
2016,28,B (Victoria Lineage),0,1,1,0
2016,29,B (Victoria Lineage),0,0,0,0
2016,30,B (Victoria Lineage),0,2,0,0
2016,31,B (Victoria Lineage),0,0,1,0
2016,32,B (Victoria Lineage),0,0,0,0
2016,33,B (Victoria Lineage),0,1,0,0
2016,34,B (Victoria Lineage),2,0,0,0
2016,35,B (Victoria Lineage),0,4,0,0
2016,36,B (Victoria Lineage),1,0,0,0
2016,37,B (Victoria Lineage),1,1,0,2
2016,38,B (Victoria Lineage),1,2,0,0
2016,39,B (Victoria Lineage),1,5,4,1
2015,40,B (Yamagata Lineage),0,0,1,0
2015,41,B (Yamagata Lineage),0,0,0,0
2015,42,B (Yamagata Lineage),1,1,0,0
2015,43,B (Yamagata Lineage),0,1,0,3
2015,44,B (Yamagata Lineage),0,1,3,0
2015,45,B (Yamagata Lineage),0,2,0,0
2015,46,B (Yamagata Lineage),0,0,4,0
2015,47,B (Yamagata Lineage),0,3,3,3
2015,48,B (Yamagata Lineage),0,5,3,1
2015,49,B (Yamagata Lineage),2,3,4,1
2015,50,B (Yamagata Lineage),1,6,4,6
2015,51,B (Yamagata Lineage),2,4,15,4
2015,52,B (Yamagata Lineage),0,5,15,9
2016,1,B (Yamagata Lineage),1,6,18,9
2016,2,B (Yamagata Lineage),3,9,23,12
2016,3,B (Yamagata Lineage),2,35,21,10
2016,4,B (Yamagata Lineage),11,25,39,13
2016,5,B (Yamagata Lineage),12,42,48,15
2016,6,B (Yamagata Lineage),10,63,52,25
2016,7,B (Yamagata Lineage),13,64,88,50
2016,8,B (Yamagata Lineage),17,117,100,50
2016,9,B (Yamagata Lineage),15,85,96,76
2016,10,B (Yamagata Lineage),23,85,123,67
2016,11,B (Yamagata Lineage),16,67,96,71
2016,12,B (Yamagata Lineage),12,52,81,39
2016,13,B (Yamagata Lineage),21,38,84,54
2016,14,B (Yamagata Lineage),9,31,62,53
2016,15,B (Yamagata Lineage),7,26,77,46
2016,16,B (Yamagata Lineage),5,31,72,48
2016,17,B (Yamagata Lineage),4,27,50,34
2016,18,B (Yamagata Lineage),6,17,29,30
2016,19,B (Yamagata Lineage),2,16,35,14
2016,20,B (Yamagata Lineage),3,15,16,16
2016,21,B (Yamagata Lineage),2,8,12,9
2016,22,B (Yamagata Lineage),2,9,17,7
2016,23,B (Yamagata Lineage),0,7,7,2
2016,24,B (Yamagata Lineage),1,3,4,2
2016,25,B (Yamagata Lineage),3,3,3,2
2016,26,B (Yamagata Lineage),1,3,4,0
2016,27,B (Yamagata Lineage),1,5,3,0
2016,28,B (Yamagata Lineage),1,1,4,5
2016,29,B (Yamagata Lineage),1,5,3,1
2016,30,B (Yamagata Lineage),2,1,5,2
2016,31,B (Yamagata Lineage),0,2,2,0
2016,32,B (Yamagata Lineage),0,5,5,1
2016,33,B (Yamagata Lineage),0,2,4,1
2016,34,B (Yamagata Lineage),0,2,1,3
2016,35,B (Yamagata Lineage),0,1,0,1
2016,36,B (Yamagata Lineage),1,0,2,0
2016,37,B (Yamagata Lineage),1,2,1,2
2016,38,B (Yamagata Lineage),0,2,2,0
2016,39,B (Yamagata Lineage),0,0,0,0
2015,40,B (Lineage Unspecified),1,2,4,1
2015,41,B (Lineage Unspecified),1,4,1,1
2015,42,B (Lineage Unspecified),1,3,3,1
2015,43,B (Lineage Unspecified),0,4,3,1
2015,44,B (Lineage Unspecified),2,4,2,0
2015,45,B (Lineage Unspecified),3,4,2,0
2015,46,B (Lineage Unspecified),1,3,0,0
2015,47,B (Lineage Unspecified),0,1,1,1
2015,48,B (Lineage Unspecified),4,2,1,0
2015,49,B (Lineage Unspecified),3,7,1,0
2015,50,B (Lineage Unspecified),1,3,4,0
2015,51,B (Lineage Unspecified),2,2,6,0
2015,52,B (Lineage Unspecified),0,1,2,0
2016,1,B (Lineage Unspecified),0,5,2,1
2016,2,B (Lineage Unspecified),3,13,12,6
2016,3,B (Lineage Unspecified),6,11,8,5
2016,4,B (Lineage Unspecified),2,34,21,4
2016,5,B (Lineage Unspecified),6,34,11,8
2016,6,B (Lineage Unspecified),4,53,25,10
2016,7,B (Lineage Unspecified),5,50,31,14
2016,8,B (Lineage Unspecified),11,64,37,12
2016,9,B (Lineage Unspecified),12,70,51,10
2016,10,B (Lineage Unspecified),13,76,77,26
2016,11,B (Lineage Unspecified),9,54,59,21
2016,12,B (Lineage Unspecified),11,55,58,26
2016,13,B (Lineage Unspecified),18,58,70,35
2016,14,B (Lineage Unspecified),18,50,44,29
2016,15,B (Lineage Unspecified),20,43,43,14
2016,16,B (Lineage Unspecified),13,68,39,15
2016,17,B (Lineage Unspecified),4,37,30,12
2016,18,B (Lineage Unspecified),3,29,26,11
2016,19,B (Lineage Unspecified),4,24,8,5
2016,20,B (Lineage Unspecified),4,18,8,4
2016,21,B (Lineage Unspecified),4,12,9,2
2016,22,B (Lineage Unspecified),3,9,7,5
2016,23,B (Lineage Unspecified),1,7,2,1
2016,24,B (Lineage Unspecified),2,1,3,0
2016,25,B (Lineage Unspecified),1,3,5,0
2016,26,B (Lineage Unspecified),0,3,1,0
2016,27,B (Lineage Unspecified),3,0,2,0
2016,28,B (Lineage Unspecified),0,1,1,0
2016,29,B (Lineage Unspecified),1,1,2,0
2016,30,B (Lineage Unspecified),0,0,1,1
2016,31,B (Lineage Unspecified),0,0,0,0
2016,32,B (Lineage Unspecified),0,0,1,0
2016,33,B (Lineage Unspecified),1,1,0,0
2016,34,B (Lineage Unspecified),1,1,0,0
2016,35,B (Lineage Unspecified),1,3,0,1
2016,36,B (Lineage Unspecified),0,6,0,0
2016,37,B (Lineage Unspecified),1,6,2,0
2016,38,B (Lineage Unspecified),1,4,2,1
2016,39,B (Lineage Unspecified),0,4,0,1
2015,40,H3N2v,0,0,0,0
2015,41,H3N2v,0,0,0,0
2015,42,H3N2v,0,0,0,0
2015,43,H3N2v,0,0,0,0
2015,44,H3N2v,0,0,0,0
2015,45,H3N2v,0,0,0,0
2015,46,H3N2v,0,0,0,0
2015,47,H3N2v,0,0,0,0
2015,48,H3N2v,0,0,0,0
2015,49,H3N2v,0,0,0,0
2015,50,H3N2v,0,0,0,0
2015,51,H3N2v,0,0,0,0
2015,52,H3N2v,0,0,0,0
2016,1,H3N2v,0,0,0,0
2016,2,H3N2v,0,0,0,0
2016,3,H3N2v,0,0,0,0
2016,4,H3N2v,0,0,0,0
2016,5,H3N2v,0,0,0,0
2016,6,H3N2v,0,0,0,0
2016,7,H3N2v,0,0,0,0
2016,8,H3N2v,0,0,0,0
2016,9,H3N2v,0,0,0,0
2016,10,H3N2v,0,0,0,0
2016,11,H3N2v,0,0,0,0
2016,12,H3N2v,0,0,0,0
2016,13,H3N2v,0,0,0,0
2016,14,H3N2v,0,0,0,0
2016,15,H3N2v,0,0,0,0
2016,16,H3N2v,0,0,0,0
2016,17,H3N2v,0,0,0,0
2016,18,H3N2v,0,0,0,0
2016,19,H3N2v,0,0,0,0
2016,20,H3N2v,0,0,0,0
2016,21,H3N2v,0,0,0,0
2016,22,H3N2v,0,0,0,0
2016,23,H3N2v,0,0,0,0
2016,24,H3N2v,0,0,0,0
2016,25,H3N2v,0,0,0,0
2016,26,H3N2v,0,0,0,0
2016,27,H3N2v,0,0,0,0
2016,28,H3N2v,0,0,0,0
2016,29,H3N2v,0,0,0,0
2016,30,H3N2v,0,1,0,0
2016,31,H3N2v,1,2,0,0
2016,32,H3N2v,4,5,0,1
2016,33,H3N2v,1,3,0,0
2016,34,H3N2v,0,0,0,0
2016,35,H3N2v,0,0,0,0
2016,36,H3N2v,0,0,0,0
2016,37,H3N2v,0,0,0,0
2016,38,H3N2v,0,0,0,0
2016,39,H3N2v,0,0,0,0
2014,40,A (H3),12,27,23,22
2014,41,A (H3),15,48,27,17
2014,42,A (H3),37,83,33,36
2014,43,A (H3),25,97,45,19
2014,44,A (H3),46,117,46,41
2014,45,A (H3),54,222,97,47
2014,46,A (H3),78,228,122,70
2014,47,A (H3),90,380,185,126
2014,48,A (H3),178,403,289,232
2014,49,A (H3),267,593,584,490
2014,50,A (H3),268,1010,718,844
2014,51,A (H3),295,994,941,1117
2014,52,A (H3),258,676,954,1749
2014,53,A (H3),246,347,847,1842
2015,1,A (H3),196,456,799,1501
2015,2,A (H3),218,680,682,986
2015,3,A (H3),190,707,582,761
2015,4,A (H3),187,643,503,680
2015,5,A (H3),146,469,431,550
2015,6,A (H3),87,264,256,335
2015,7,A (H3),60,149,184,269
2015,8,A (H3),36,134,148,223
2015,9,A (H3),32,95,128,154
2015,10,A (H3),17,50,78,115
2015,11,A (H3),20,42,58,108
2015,12,A (H3),14,26,32,70
2015,13,A (H3),6,21,26,46
2015,14,A (H3),4,6,18,25
2015,15,A (H3),1,15,17,11
2015,16,A (H3),0,4,11,14
2015,17,A (H3),2,5,3,3
2015,18,A (H3),0,0,1,5
2015,19,A (H3),1,3,2,3
2015,20,A (H3),1,2,8,3
2015,21,A (H3),1,2,7,5
2015,22,A (H3),0,1,8,8
2015,23,A (H3),0,2,6,6
2015,24,A (H3),0,1,14,29
2015,25,A (H3),0,7,16,18
2015,26,A (H3),0,4,21,22
2015,27,A (H3),1,6,13,13
2015,28,A (H3),0,3,15,9
2015,29,A (H3),1,3,8,12
2015,30,A (H3),0,6,6,28
2015,31,A (H3),0,6,18,20
2015,32,A (H3),2,2,11,9
2015,33,A (H3),0,5,18,24
2015,34,A (H3),1,9,12,13
2015,35,A (H3),3,16,10,26
2015,36,A (H3),4,4,25,27
2015,37,A (H3),9,8,27,30
2015,38,A (H3),2,7,20,19
2015,39,A (H3),2,20,21,20
2014,40,A (H1N1)pdm09,0,1,1,0
2014,41,A (H1N1)pdm09,1,1,3,0
2014,42,A (H1N1)pdm09,1,1,2,1
2014,43,A (H1N1)pdm09,0,2,3,0
2014,44,A (H1N1)pdm09,1,0,1,1
2014,45,A (H1N1)pdm09,0,1,4,1
2014,46,A (H1N1)pdm09,2,4,2,0
2014,47,A (H1N1)pdm09,2,2,1,0
2014,48,A (H1N1)pdm09,1,0,3,0
2014,49,A (H1N1)pdm09,2,2,3,0
2014,50,A (H1N1)pdm09,0,0,3,1
2014,51,A (H1N1)pdm09,0,0,2,0
2014,52,A (H1N1)pdm09,1,0,2,0
2014,53,A (H1N1)pdm09,0,0,0,0
2015,1,A (H1N1)pdm09,2,2,2,1
2015,2,A (H1N1)pdm09,1,0,3,0
2015,3,A (H1N1)pdm09,0,1,0,0
2015,4,A (H1N1)pdm09,2,1,2,0
2015,5,A (H1N1)pdm09,0,1,4,0
2015,6,A (H1N1)pdm09,0,0,2,0
2015,7,A (H1N1)pdm09,0,1,2,0
2015,8,A (H1N1)pdm09,2,1,7,0
2015,9,A (H1N1)pdm09,0,0,1,0
2015,10,A (H1N1)pdm09,2,1,3,0
2015,11,A (H1N1)pdm09,0,0,0,1
2015,12,A (H1N1)pdm09,0,0,2,1
2015,13,A (H1N1)pdm09,0,1,2,0
2015,14,A (H1N1)pdm09,0,1,4,1
2015,15,A (H1N1)pdm09,0,2,5,1
2015,16,A (H1N1)pdm09,1,1,0,0
2015,17,A (H1N1)pdm09,1,0,0,0
2015,18,A (H1N1)pdm09,0,0,1,0
2015,19,A (H1N1)pdm09,1,0,1,0
2015,20,A (H1N1)pdm09,0,1,0,0
2015,21,A (H1N1)pdm09,0,0,0,0
2015,22,A (H1N1)pdm09,0,0,0,0
2015,23,A (H1N1)pdm09,0,0,1,0
2015,24,A (H1N1)pdm09,0,0,0,0
2015,25,A (H1N1)pdm09,0,0,0,0
2015,26,A (H1N1)pdm09,0,0,2,0
2015,27,A (H1N1)pdm09,0,0,4,0
2015,28,A (H1N1)pdm09,0,0,0,2
2015,29,A (H1N1)pdm09,0,1,1,0
2015,30,A (H1N1)pdm09,0,0,0,0
2015,31,A (H1N1)pdm09,0,1,3,0
2015,32,A (H1N1)pdm09,1,0,0,0
2015,33,A (H1N1)pdm09,0,1,0,0
2015,34,A (H1N1)pdm09,0,0,3,0
2015,35,A (H1N1)pdm09,0,3,0,0
2015,36,A (H1N1)pdm09,0,0,1,0
2015,37,A (H1N1)pdm09,0,3,1,0
2015,38,A (H1N1)pdm09,1,0,0,0
2015,39,A (H1N1)pdm09,0,0,2,1
2014,40,A (Subtyping not Performed),0,0,0,1
2014,41,A (Subtyping not Performed),0,0,0,0
2014,42,A (Subtyping not Performed),0,0,2,0
2014,43,A (Subtyping not Performed),0,0,0,0
2014,44,A (Subtyping not Performed),0,1,1,1
2014,45,A (Subtyping not Performed),0,3,1,1
2014,46,A (Subtyping not Performed),3,4,2,0
2014,47,A (Subtyping not Performed),2,9,0,1
2014,48,A (Subtyping not Performed),3,4,2,1
2014,49,A (Subtyping not Performed),2,1,2,1
2014,50,A (Subtyping not Performed),1,10,5,6
2014,51,A (Subtyping not Performed),4,4,11,17
2014,52,A (Subtyping not Performed),1,5,8,11
2014,53,A (Subtyping not Performed),1,6,4,23
2015,1,A (Subtyping not Performed),1,3,10,8
2015,2,A (Subtyping not Performed),2,3,7,8
2015,3,A (Subtyping not Performed),2,5,12,12
2015,4,A (Subtyping not Performed),2,2,2,4
2015,5,A (Subtyping not Performed),1,4,2,2
2015,6,A (Subtyping not Performed),2,3,5,2
2015,7,A (Subtyping not Performed),1,1,2,1
2015,8,A (Subtyping not Performed),0,3,4,0
2015,9,A (Subtyping not Performed),0,2,3,0
2015,10,A (Subtyping not Performed),1,2,2,0
2015,11,A (Subtyping not Performed),0,1,2,5
2015,12,A (Subtyping not Performed),0,0,0,0
2015,13,A (Subtyping not Performed),0,1,1,2
2015,14,A (Subtyping not Performed),0,0,0,0
2015,15,A (Subtyping not Performed),0,0,1,1
2015,16,A (Subtyping not Performed),0,0,1,0
2015,17,A (Subtyping not Performed),0,0,2,0
2015,18,A (Subtyping not Performed),0,0,0,0
2015,19,A (Subtyping not Performed),0,0,1,0
2015,20,A (Subtyping not Performed),0,0,0,0
2015,21,A (Subtyping not Performed),0,0,1,0
2015,22,A (Subtyping not Performed),0,0,0,0
2015,23,A (Subtyping not Performed),1,0,0,0
2015,24,A (Subtyping not Performed),0,0,0,1
2015,25,A (Subtyping not Performed),0,0,1,1
2015,26,A (Subtyping not Performed),0,1,4,1
2015,27,A (Subtyping not Performed),0,0,0,2
2015,28,A (Subtyping not Performed),0,1,1,0
2015,29,A (Subtyping not Performed),0,0,0,2
2015,30,A (Subtyping not Performed),0,0,0,0
2015,31,A (Subtyping not Performed),0,1,0,0
2015,32,A (Subtyping not Performed),2,0,0,1
2015,33,A (Subtyping not Performed),0,1,0,1
2015,34,A (Subtyping not Performed),1,0,0,0
2015,35,A (Subtyping not Performed),0,0,0,1
2015,36,A (Subtyping not Performed),0,0,2,0
2015,37,A (Subtyping not Performed),0,0,1,0
2015,38,A (Subtyping not Performed),0,0,2,1
2015,39,A (Subtyping not Performed),0,0,1,0
2014,40,B (Lineage Unspecified),4,9,7,5
2014,41,B (Lineage Unspecified),4,14,11,4
2014,42,B (Lineage Unspecified),5,11,10,0
2014,43,B (Lineage Unspecified),4,10,13,1
2014,44,B (Lineage Unspecified),4,9,7,5
2014,45,B (Lineage Unspecified),4,12,7,3
2014,46,B (Lineage Unspecified),0,9,7,2
2014,47,B (Lineage Unspecified),2,22,9,4
2014,48,B (Lineage Unspecified),1,19,11,3
2014,49,B (Lineage Unspecified),5,19,24,7
2014,50,B (Lineage Unspecified),10,47,31,10
2014,51,B (Lineage Unspecified),9,36,33,17
2014,52,B (Lineage Unspecified),14,30,25,13
2014,53,B (Lineage Unspecified),12,21,37,23
2015,1,B (Lineage Unspecified),10,28,29,22
2015,2,B (Lineage Unspecified),13,34,39,21
2015,3,B (Lineage Unspecified),19,56,61,26
2015,4,B (Lineage Unspecified),20,56,66,45
2015,5,B (Lineage Unspecified),21,79,68,43
2015,6,B (Lineage Unspecified),11,81,93,42
2015,7,B (Lineage Unspecified),22,81,80,49
2015,8,B (Lineage Unspecified),36,104,99,62
2015,9,B (Lineage Unspecified),30,115,134,65
2015,10,B (Lineage Unspecified),24,123,126,95
2015,11,B (Lineage Unspecified),41,101,142,88
2015,12,B (Lineage Unspecified),17,123,121,85
2015,13,B (Lineage Unspecified),25,95,125,82
2015,14,B (Lineage Unspecified),22,79,125,107
2015,15,B (Lineage Unspecified),26,68,88,75
2015,16,B (Lineage Unspecified),18,56,64,40
2015,17,B (Lineage Unspecified),14,45,58,31
2015,18,B (Lineage Unspecified),6,53,54,32
2015,19,B (Lineage Unspecified),13,35,43,18
2015,20,B (Lineage Unspecified),9,35,32,12
2015,21,B (Lineage Unspecified),8,15,24,12
2015,22,B (Lineage Unspecified),7,22,12,15
2015,23,B (Lineage Unspecified),9,18,17,6
2015,24,B (Lineage Unspecified),1,14,18,8
2015,25,B (Lineage Unspecified),4,9,4,4
2015,26,B (Lineage Unspecified),2,2,2,1
2015,27,B (Lineage Unspecified),4,3,3,1
2015,28,B (Lineage Unspecified),4,4,2,1
2015,29,B (Lineage Unspecified),4,2,0,0
2015,30,B (Lineage Unspecified),0,1,0,0
2015,31,B (Lineage Unspecified),2,2,4,3
2015,32,B (Lineage Unspecified),1,3,2,1
2015,33,B (Lineage Unspecified),0,2,0,1
2015,34,B (Lineage Unspecified),2,4,2,0
2015,35,B (Lineage Unspecified),0,6,4,0
2015,36,B (Lineage Unspecified),4,8,3,1
2015,37,B (Lineage Unspecified),2,4,14,2
2015,38,B (Lineage Unspecified),2,7,3,2
2015,39,B (Lineage Unspecified),5,5,11,4
2014,40,H3N2v,0,0,0,0
2014,41,H3N2v,0,0,0,0
2014,42,H3N2v,0,1,0,0
2014,43,H3N2v,0,0,0,0
2014,44,H3N2v,0,0,0,0
2014,45,H3N2v,0,0,0,0
2014,46,H3N2v,0,0,0,0
2014,47,H3N2v,0,0,0,0
2014,48,H3N2v,0,0,0,0
2014,49,H3N2v,0,0,0,0
2014,50,H3N2v,0,0,0,0
2014,51,H3N2v,0,0,0,0
2014,52,H3N2v,0,0,0,0
2014,53,H3N2v,0,0,0,0
2015,1,H3N2v,0,0,0,0
2015,2,H3N2v,0,0,0,0
2015,3,H3N2v,0,0,0,0
2015,4,H3N2v,0,0,0,0
2015,5,H3N2v,0,0,0,0
2015,6,H3N2v,0,0,0,0
2015,7,H3N2v,0,0,0,0
2015,8,H3N2v,0,0,0,0
2015,9,H3N2v,0,0,0,0
2015,10,H3N2v,0,0,0,0
2015,11,H3N2v,0,0,0,0
2015,12,H3N2v,0,0,0,0
2015,13,H3N2v,0,0,0,0
2015,14,H3N2v,0,0,0,0
2015,15,H3N2v,0,0,0,0
2015,16,H3N2v,0,0,0,0
2015,17,H3N2v,0,0,0,0
2015,18,H3N2v,0,0,0,0
2015,19,H3N2v,0,0,0,0
2015,20,H3N2v,0,0,0,0
2015,21,H3N2v,0,0,0,0
2015,22,H3N2v,0,0,0,0
2015,23,H3N2v,0,0,0,0
2015,24,H3N2v,0,0,0,0
2015,25,H3N2v,0,0,0,0
2015,26,H3N2v,0,0,0,0
2015,27,H3N2v,0,1,0,0
2015,28,H3N2v,0,0,0,0
2015,29,H3N2v,0,0,0,0
2015,30,H3N2v,0,0,0,0
2015,31,H3N2v,0,0,0,0
2015,32,H3N2v,0,0,0,0
2015,33,H3N2v,0,0,0,0
2015,34,H3N2v,0,0,0,0
2015,35,H3N2v,0,0,0,0
2015,36,H3N2v,0,0,0,0
2015,37,H3N2v,0,0,0,0
2015,38,H3N2v,0,0,0,0
2015,39,H3N2v,0,0,0,0
2013,40,A (H3),1,3,2,4
2013,41,A (H3),4,3,6,7
2013,42,A (H3),1,4,4,6
2013,43,A (H3),3,2,7,4
2013,44,A (H3),0,5,9,8
2013,45,A (H3),5,7,6,5
2013,46,A (H3),1,3,11,2
2013,47,A (H3),4,2,6,2
2013,48,A (H3),4,12,5,3
2013,49,A (H3),1,13,9,3
2013,50,A (H3),2,25,17,4
2013,51,A (H3),6,9,16,7
2013,52,A (H3),6,5,17,10
2014,1,A (H3),7,12,26,30
2014,2,A (H3),7,15,27,35
2014,3,A (H3),9,35,34,20
2014,4,A (H3),7,29,40,38
2014,5,A (H3),6,19,27,27
2014,6,A (H3),5,32,35,37
2014,7,A (H3),3,29,24,20
2014,8,A (H3),4,19,23,22
2014,9,A (H3),4,18,28,25
2014,10,A (H3),7,25,34,19
2014,11,A (H3),14,28,30,39
2014,12,A (H3),9,27,34,61
2014,13,A (H3),9,44,40,53
2014,14,A (H3),5,52,54,59
2014,15,A (H3),7,33,38,62
2014,16,A (H3),12,49,41,48
2014,17,A (H3),4,29,50,54
2014,18,A (H3),7,29,23,52
2014,19,A (H3),8,29,28,19
2014,20,A (H3),3,31,31,27
2014,21,A (H3),12,18,29,32
2014,22,A (H3),13,34,32,22
2014,23,A (H3),12,17,39,17
2014,24,A (H3),12,13,38,27
2014,25,A (H3),9,13,27,15
2014,26,A (H3),4,7,22,8
2014,27,A (H3),2,12,18,13
2014,28,A (H3),7,16,19,7
2014,29,A (H3),3,10,14,9
2014,30,A (H3),10,9,11,6
2014,31,A (H3),12,13,18,8
2014,32,A (H3),5,14,15,7
2014,33,A (H3),4,8,23,14
2014,34,A (H3),4,8,11,21
2014,35,A (H3),9,16,12,23
2014,36,A (H3),5,13,14,9
2014,37,A (H3),4,14,26,20
2014,38,A (H3),9,22,20,24
2014,39,A (H3),11,25,26,21
2013,40,A (H1N1)pdm09,8,25,28,2
2013,41,A (H1N1)pdm09,4,23,22,4
2013,42,A (H1N1)pdm09,6,17,21,4
2013,43,A (H1N1)pdm09,10,16,39,4
2013,44,A (H1N1)pdm09,11,31,31,6
2013,45,A (H1N1)pdm09,19,50,58,8
2013,46,A (H1N1)pdm09,29,69,120,12
2013,47,A (H1N1)pdm09,44,121,174,18
2013,48,A (H1N1)pdm09,44,95,208,31
2013,49,A (H1N1)pdm09,106,198,442,45
2013,50,A (H1N1)pdm09,127,340,500,58
2013,51,A (H1N1)pdm09,161,396,863,123
2013,52,A (H1N1)pdm09,286,432,1134,230
2014,1,A (H1N1)pdm09,345,378,1327,347
2014,2,A (H1N1)pdm09,292,513,1500,319
2014,3,A (H1N1)pdm09,272,615,1297,292
2014,4,A (H1N1)pdm09,245,577,998,228
2014,5,A (H1N1)pdm09,164,384,765,153
2014,6,A (H1N1)pdm09,119,277,670,178
2014,7,A (H1N1)pdm09,86,192,460,114
2014,8,A (H1N1)pdm09,56,143,351,105
2014,9,A (H1N1)pdm09,48,134,234,49
2014,10,A (H1N1)pdm09,27,68,189,34
2014,11,A (H1N1)pdm09,22,72,148,35
2014,12,A (H1N1)pdm09,17,28,95,18
2014,13,A (H1N1)pdm09,9,23,61,19
2014,14,A (H1N1)pdm09,13,25,42,10
2014,15,A (H1N1)pdm09,6,7,19,8
2014,16,A (H1N1)pdm09,4,4,7,3
2014,17,A (H1N1)pdm09,3,3,10,8
2014,18,A (H1N1)pdm09,1,0,6,2
2014,19,A (H1N1)pdm09,1,1,5,0
2014,20,A (H1N1)pdm09,0,1,5,0
2014,21,A (H1N1)pdm09,0,0,0,0
2014,22,A (H1N1)pdm09,0,0,1,0
2014,23,A (H1N1)pdm09,0,2,1,0
2014,24,A (H1N1)pdm09,0,0,3,0
2014,25,A (H1N1)pdm09,1,0,1,0
2014,26,A (H1N1)pdm09,1,0,0,0
2014,27,A (H1N1)pdm09,1,0,1,0
2014,28,A (H1N1)pdm09,0,0,1,0
2014,29,A (H1N1)pdm09,0,0,0,0
2014,30,A (H1N1)pdm09,0,0,1,0
2014,31,A (H1N1)pdm09,0,1,0,0
2014,32,A (H1N1)pdm09,0,2,3,0
2014,33,A (H1N1)pdm09,0,0,0,0
2014,34,A (H1N1)pdm09,0,0,2,0
2014,35,A (H1N1)pdm09,1,3,2,0
2014,36,A (H1N1)pdm09,1,1,5,0
2014,37,A (H1N1)pdm09,1,0,0,0
2014,38,A (H1N1)pdm09,1,1,2,1
2014,39,A (H1N1)pdm09,0,0,0,0
2013,40,A (Subtyping not Performed),0,0,0,0
2013,41,A (Subtyping not Performed),0,1,0,0
2013,42,A (Subtyping not Performed),1,0,0,0
2013,43,A (Subtyping not Performed),0,0,0,0
2013,44,A (Subtyping not Performed),0,1,2,1
2013,45,A (Subtyping not Performed),0,0,0,0
2013,46,A (Subtyping not Performed),0,0,5,0
2013,47,A (Subtyping not Performed),0,0,1,0
2013,48,A (Subtyping not Performed),0,1,0,0
2013,49,A (Subtyping not Performed),1,1,2,0
2013,50,A (Subtyping not Performed),0,2,3,0
2013,51,A (Subtyping not Performed),3,8,4,1
2013,52,A (Subtyping not Performed),3,3,9,1
2014,1,A (Subtyping not Performed),0,4,8,7
2014,2,A (Subtyping not Performed),1,5,17,3
2014,3,A (Subtyping not Performed),2,4,14,4
2014,4,A (Subtyping not Performed),0,5,30,6
2014,5,A (Subtyping not Performed),0,10,13,8
2014,6,A (Subtyping not Performed),0,3,5,2
2014,7,A (Subtyping not Performed),2,2,7,3
2014,8,A (Subtyping not Performed),0,1,11,1
2014,9,A (Subtyping not Performed),3,4,7,1
2014,10,A (Subtyping not Performed),0,4,3,0
2014,11,A (Subtyping not Performed),1,1,1,1
2014,12,A (Subtyping not Performed),1,4,5,0
2014,13,A (Subtyping not Performed),0,1,1,4
2014,14,A (Subtyping not Performed),1,0,0,3
2014,15,A (Subtyping not Performed),0,1,2,0
2014,16,A (Subtyping not Performed),1,0,2,1
2014,17,A (Subtyping not Performed),0,2,1,2
2014,18,A (Subtyping not Performed),2,1,1,1
2014,19,A (Subtyping not Performed),0,2,1,1
2014,20,A (Subtyping not Performed),0,2,0,5
2014,21,A (Subtyping not Performed),0,0,2,0
2014,22,A (Subtyping not Performed),0,1,1,0
2014,23,A (Subtyping not Performed),0,0,0,0
2014,24,A (Subtyping not Performed),0,0,2,0
2014,25,A (Subtyping not Performed),0,1,0,0
2014,26,A (Subtyping not Performed),0,0,0,0
2014,27,A (Subtyping not Performed),0,0,0,0
2014,28,A (Subtyping not Performed),0,0,0,1
2014,29,A (Subtyping not Performed),0,0,0,0
2014,30,A (Subtyping not Performed),0,0,1,0
2014,31,A (Subtyping not Performed),0,0,0,0
2014,32,A (Subtyping not Performed),0,2,0,0
2014,33,A (Subtyping not Performed),0,0,0,0
2014,34,A (Subtyping not Performed),0,0,0,0
2014,35,A (Subtyping not Performed),0,0,0,0
2014,36,A (Subtyping not Performed),1,0,0,0
2014,37,A (Subtyping not Performed),0,0,1,0
2014,38,A (Subtyping not Performed),0,0,1,1
2014,39,A (Subtyping not Performed),0,1,1,0
2013,40,B (Lineage Unspecified),1,4,1,0
2013,41,B (Lineage Unspecified),0,4,0,0
2013,42,B (Lineage Unspecified),0,3,2,0
2013,43,B (Lineage Unspecified),0,0,0,0
2013,44,B (Lineage Unspecified),5,7,1,1
2013,45,B (Lineage Unspecified),2,2,5,1
2013,46,B (Lineage Unspecified),2,0,2,0
2013,47,B (Lineage Unspecified),4,4,2,1
2013,48,B (Lineage Unspecified),0,5,0,0
2013,49,B (Lineage Unspecified),1,3,8,1
2013,50,B (Lineage Unspecified),1,5,3,0
2013,51,B (Lineage Unspecified),0,3,5,1
2013,52,B (Lineage Unspecified),3,2,5,0
2014,1,B (Lineage Unspecified),1,5,5,3
2014,2,B (Lineage Unspecified),1,5,2,0
2014,3,B (Lineage Unspecified),3,9,6,2
2014,4,B (Lineage Unspecified),9,14,14,8
2014,5,B (Lineage Unspecified),6,22,13,1
2014,6,B (Lineage Unspecified),8,22,31,6
2014,7,B (Lineage Unspecified),8,41,30,8
2014,8,B (Lineage Unspecified),13,23,49,17
2014,9,B (Lineage Unspecified),16,43,41,11
2014,10,B (Lineage Unspecified),13,40,59,16
2014,11,B (Lineage Unspecified),14,43,46,27
2014,12,B (Lineage Unspecified),12,69,89,26
2014,13,B (Lineage Unspecified),10,66,88,39
2014,14,B (Lineage Unspecified),15,59,111,56
2014,15,B (Lineage Unspecified),16,68,122,81
2014,16,B (Lineage Unspecified),16,66,84,64
2014,17,B (Lineage Unspecified),11,52,105,61
2014,18,B (Lineage Unspecified),8,46,68,62
2014,19,B (Lineage Unspecified),12,50,61,40
2014,20,B (Lineage Unspecified),12,38,74,29
2014,21,B (Lineage Unspecified),7,40,48,21
2014,22,B (Lineage Unspecified),25,27,41,25
2014,23,B (Lineage Unspecified),9,19,35,10
2014,24,B (Lineage Unspecified),8,18,24,7
2014,25,B (Lineage Unspecified),11,14,19,8
2014,26,B (Lineage Unspecified),11,17,22,6
2014,27,B (Lineage Unspecified),3,13,13,4
2014,28,B (Lineage Unspecified),2,11,11,7
2014,29,B (Lineage Unspecified),4,11,14,1
2014,30,B (Lineage Unspecified),2,10,6,3
2014,31,B (Lineage Unspecified),0,10,11,4
2014,32,B (Lineage Unspecified),0,4,7,0
2014,33,B (Lineage Unspecified),0,3,10,0
2014,34,B (Lineage Unspecified),1,7,8,2
2014,35,B (Lineage Unspecified),3,6,6,2
2014,36,B (Lineage Unspecified),2,8,5,1
2014,37,B (Lineage Unspecified),4,11,5,4
2014,38,B (Lineage Unspecified),0,4,3,3
2014,39,B (Lineage Unspecified),1,6,6,2
2013,40,H3N2v,1,0,0,0
2013,41,H3N2v,0,0,0,0
2013,42,H3N2v,0,0,0,0
2013,43,H3N2v,0,0,0,0
2013,44,H3N2v,0,0,0,0
2013,45,H3N2v,0,0,0,0
2013,46,H3N2v,0,0,0,0
2013,47,H3N2v,0,0,0,0
2013,48,H3N2v,0,0,0,0
2013,49,H3N2v,0,0,0,0
2013,50,H3N2v,0,0,0,0
2013,51,H3N2v,0,0,0,0
2013,52,H3N2v,0,0,0,0
2014,1,H3N2v,0,0,0,0
2014,2,H3N2v,0,0,0,0
2014,3,H3N2v,0,0,0,0
2014,4,H3N2v,0,0,0,0
2014,5,H3N2v,0,0,0,0
2014,6,H3N2v,0,0,0,0
2014,7,H3N2v,0,0,0,0
2014,8,H3N2v,0,0,0,0
2014,9,H3N2v,0,0,0,0
2014,10,H3N2v,0,0,0,0
2014,11,H3N2v,0,0,0,0
2014,12,H3N2v,0,0,0,0
2014,13,H3N2v,0,0,0,0
2014,14,H3N2v,0,0,0,0
2014,15,H3N2v,0,0,0,0
2014,16,H3N2v,0,0,0,0
2014,17,H3N2v,0,0,0,0
2014,18,H3N2v,0,0,0,0
2014,19,H3N2v,0,0,0,0
2014,20,H3N2v,0,0,0,0
2014,21,H3N2v,0,0,0,0
2014,22,H3N2v,0,0,0,0
2014,23,H3N2v,0,0,0,0
2014,24,H3N2v,0,0,0,0
2014,25,H3N2v,0,0,0,0
2014,26,H3N2v,0,0,0,0
2014,27,H3N2v,0,0,0,0
2014,28,H3N2v,0,0,0,0
2014,29,H3N2v,0,0,0,0
2014,30,H3N2v,0,0,0,0
2014,31,H3N2v,0,0,0,0
2014,32,H3N2v,1,0,0,0
2014,33,H3N2v,0,0,0,0
2014,34,H3N2v,0,1,0,0
2014,35,H3N2v,0,0,0,0
2014,36,H3N2v,0,0,0,0
2014,37,H3N2v,0,0,0,0
2014,38,H3N2v,0,0,0,0
2014,39,H3N2v,0,0,0,0
2012,40,A (H3),4,26,26,9
2012,41,A (H3),12,26,16,8
2012,42,A (H3),17,38,44,22
2012,43,A (H3),27,67,35,17
2012,44,A (H3),31,64,54,23
2012,45,A (H3),34,115,81,29
2012,46,A (H3),51,138,122,57
2012,47,A (H3),98,203,166,63
2012,48,A (H3),120,294,336,160
2012,49,A (H3),175,640,520,261
2012,50,A (H3),314,946,722,384
2012,51,A (H3),374,1026,979,731
2012,52,A (H3),445,610,1036,1057
2013,1,A (H3),340,371,876,1324
2013,2,A (H3),279,612,969,1266
2013,3,A (H3),244,635,657,838
2013,4,A (H3),213,477,560,614
2013,5,A (H3),126,362,475,480
2013,6,A (H3),117,240,229,311
2013,7,A (H3),86,156,201,212
2013,8,A (H3),42,100,142,147
2013,9,A (H3),41,87,111,105
2013,10,A (H3),40,51,73,95
2013,11,A (H3),23,48,51,45
2013,12,A (H3),18,28,42,49
2013,13,A (H3),15,24,27,28
2013,14,A (H3),14,26,36,28
2013,15,A (H3),11,10,17,17
2013,16,A (H3),3,10,27,22
2013,17,A (H3),9,15,17,10
2013,18,A (H3),6,13,17,15
2013,19,A (H3),4,4,11,14
2013,20,A (H3),4,8,6,4
2013,21,A (H3),5,4,7,4
2013,22,A (H3),4,4,5,0
2013,23,A (H3),3,1,5,2
2013,24,A (H3),5,2,3,2
2013,25,A (H3),0,1,5,6
2013,26,A (H3),0,1,1,3
2013,27,A (H3),2,2,6,0
2013,28,A (H3),3,3,2,22
2013,29,A (H3),0,2,2,0
2013,30,A (H3),0,4,4,3
2013,31,A (H3),0,0,7,4
2013,32,A (H3),0,0,5,5
2013,33,A (H3),0,0,2,0
2013,34,A (H3),0,1,2,1
2013,35,A (H3),0,0,2,2
2013,36,A (H3),1,2,0,2
2013,37,A (H3),1,0,1,5
2013,38,A (H3),1,1,1,3
2013,39,A (H3),2,0,6,1
2012,40,A (H1N1)pdm09,3,5,1,0
2012,41,A (H1N1)pdm09,0,5,1,0
2012,42,A (H1N1)pdm09,0,1,2,0
2012,43,A (H1N1)pdm09,0,1,1,0
2012,44,A (H1N1)pdm09,1,0,1,1
2012,45,A (H1N1)pdm09,1,1,2,0
2012,46,A (H1N1)pdm09,2,4,2,0
2012,47,A (H1N1)pdm09,1,0,2,1
2012,48,A (H1N1)pdm09,3,6,8,0
2012,49,A (H1N1)pdm09,5,11,18,0
2012,50,A (H1N1)pdm09,5,11,18,0
2012,51,A (H1N1)pdm09,8,11,28,2
2012,52,A (H1N1)pdm09,6,16,45,5
2013,1,A (H1N1)pdm09,11,16,42,3
2013,2,A (H1N1)pdm09,9,35,46,10
2013,3,A (H1N1)pdm09,13,19,43,11
2013,4,A (H1N1)pdm09,17,30,48,7
2013,5,A (H1N1)pdm09,10,44,49,5
2013,6,A (H1N1)pdm09,15,23,44,4
2013,7,A (H1N1)pdm09,7,17,32,4
2013,8,A (H1N1)pdm09,8,16,33,1
2013,9,A (H1N1)pdm09,5,13,23,4
2013,10,A (H1N1)pdm09,4,10,26,3
2013,11,A (H1N1)pdm09,5,15,14,3
2013,12,A (H1N1)pdm09,4,4,20,1
2013,13,A (H1N1)pdm09,5,13,13,2
2013,14,A (H1N1)pdm09,5,4,15,2
2013,15,A (H1N1)pdm09,5,9,24,2
2013,16,A (H1N1)pdm09,8,2,14,4
2013,17,A (H1N1)pdm09,8,7,15,1
2013,18,A (H1N1)pdm09,2,2,12,1
2013,19,A (H1N1)pdm09,3,1,7,1
2013,20,A (H1N1)pdm09,4,3,4,0
2013,21,A (H1N1)pdm09,3,3,7,0
2013,22,A (H1N1)pdm09,3,4,5,0
2013,23,A (H1N1)pdm09,2,5,2,1
2013,24,A (H1N1)pdm09,4,5,10,0
2013,25,A (H1N1)pdm09,7,8,11,0
2013,26,A (H1N1)pdm09,10,6,16,0
2013,27,A (H1N1)pdm09,3,6,8,0
2013,28,A (H1N1)pdm09,3,3,12,1
2013,29,A (H1N1)pdm09,3,2,13,2
2013,30,A (H1N1)pdm09,3,4,10,1
2013,31,A (H1N1)pdm09,4,8,9,2
2013,32,A (H1N1)pdm09,5,7,15,1
2013,33,A (H1N1)pdm09,2,4,9,0
2013,34,A (H1N1)pdm09,1,6,3,1
2013,35,A (H1N1)pdm09,1,19,18,2
2013,36,A (H1N1)pdm09,5,4,11,3
2013,37,A (H1N1)pdm09,6,21,19,1
2013,38,A (H1N1)pdm09,6,10,18,1
2013,39,A (H1N1)pdm09,7,18,27,1
2012,40,A (Subtyping not Performed),0,0,1,0
2012,41,A (Subtyping not Performed),0,0,0,0
2012,42,A (Subtyping not Performed),0,0,3,0
2012,43,A (Subtyping not Performed),0,0,0,0
2012,44,A (Subtyping not Performed),0,0,2,0
2012,45,A (Subtyping not Performed),0,1,3,0
2012,46,A (Subtyping not Performed),0,2,0,0
2012,47,A (Subtyping not Performed),3,1,1,1
2012,48,A (Subtyping not Performed),0,6,1,5
2012,49,A (Subtyping not Performed),1,6,8,1
2012,50,A (Subtyping not Performed),1,1,6,8
2012,51,A (Subtyping not Performed),2,1,6,9
2012,52,A (Subtyping not Performed),2,2,9,29
2013,1,A (Subtyping not Performed),1,6,10,26
2013,2,A (Subtyping not Performed),2,2,13,39
2013,3,A (Subtyping not Performed),1,5,9,39
2013,4,A (Subtyping not Performed),2,2,10,21
2013,5,A (Subtyping not Performed),0,3,3,24
2013,6,A (Subtyping not Performed),3,2,2,10
2013,7,A (Subtyping not Performed),1,2,4,4
2013,8,A (Subtyping not Performed),0,0,1,5
2013,9,A (Subtyping not Performed),1,0,2,1
2013,10,A (Subtyping not Performed),1,2,1,1
2013,11,A (Subtyping not Performed),0,0,0,1
2013,12,A (Subtyping not Performed),0,0,0,2
2013,13,A (Subtyping not Performed),0,0,0,1
2013,14,A (Subtyping not Performed),0,0,0,0
2013,15,A (Subtyping not Performed),0,1,0,0
2013,16,A (Subtyping not Performed),0,0,0,0
2013,17,A (Subtyping not Performed),0,0,2,0
2013,18,A (Subtyping not Performed),0,0,2,1
2013,19,A (Subtyping not Performed),0,0,1,0
2013,20,A (Subtyping not Performed),0,0,0,0
2013,21,A (Subtyping not Performed),0,0,0,0
2013,22,A (Subtyping not Performed),0,0,0,0
2013,23,A (Subtyping not Performed),0,0,0,0
2013,24,A (Subtyping not Performed),0,0,1,0
2013,25,A (Subtyping not Performed),0,0,1,0
2013,26,A (Subtyping not Performed),0,0,0,0
2013,27,A (Subtyping not Performed),0,0,0,0
2013,28,A (Subtyping not Performed),0,0,1,0
2013,29,A (Subtyping not Performed),0,0,0,0
2013,30,A (Subtyping not Performed),0,0,0,0
2013,31,A (Subtyping not Performed),0,0,1,0
2013,32,A (Subtyping not Performed),0,0,2,0
2013,33,A (Subtyping not Performed),0,0,0,0
2013,34,A (Subtyping not Performed),0,0,0,0
2013,35,A (Subtyping not Performed),0,1,0,0
2013,36,A (Subtyping not Performed),0,0,0,0
2013,37,A (Subtyping not Performed),0,0,0,0
2013,38,A (Subtyping not Performed),0,1,0,0
2013,39,A (Subtyping not Performed),0,0,0,0
2012,40,B (Lineage Unspecified),7,22,3,0
2012,41,B (Lineage Unspecified),6,24,5,0
2012,42,B (Lineage Unspecified),9,30,9,1
2012,43,B (Lineage Unspecified),15,44,9,3
2012,44,B (Lineage Unspecified),13,45,12,2
2012,45,B (Lineage Unspecified),26,61,18,5
2012,46,B (Lineage Unspecified),24,66,22,5
2012,47,B (Lineage Unspecified),25,82,31,4
2012,48,B (Lineage Unspecified),38,82,58,15
2012,49,B (Lineage Unspecified),43,143,68,23
2012,50,B (Lineage Unspecified),50,190,70,28
2012,51,B (Lineage Unspecified),65,218,95,51
2012,52,B (Lineage Unspecified),57,146,96,33
2013,1,B (Lineage Unspecified),64,78,112,77
2013,2,B (Lineage Unspecified),60,137,137,79
2013,3,B (Lineage Unspecified),47,195,95,57
2013,4,B (Lineage Unspecified),59,208,112,32
2013,5,B (Lineage Unspecified),47,201,106,42
2013,6,B (Lineage Unspecified),57,235,82,35
2013,7,B (Lineage Unspecified),64,204,134,41
2013,8,B (Lineage Unspecified),71,201,136,53
2013,9,B (Lineage Unspecified),48,182,133,57
2013,10,B (Lineage Unspecified),55,197,108,50
2013,11,B (Lineage Unspecified),51,194,121,50
2013,12,B (Lineage Unspecified),86,167,100,50
2013,13,B (Lineage Unspecified),56,140,96,60
2013,14,B (Lineage Unspecified),43,101,98,44
2013,15,B (Lineage Unspecified),39,91,63,24
2013,16,B (Lineage Unspecified),20,69,55,21
2013,17,B (Lineage Unspecified),19,67,31,6
2013,18,B (Lineage Unspecified),23,64,33,11
2013,19,B (Lineage Unspecified),15,43,20,10
2013,20,B (Lineage Unspecified),12,39,10,8
2013,21,B (Lineage Unspecified),16,35,11,6
2013,22,B (Lineage Unspecified),7,21,14,5
2013,23,B (Lineage Unspecified),9,18,14,4
2013,24,B (Lineage Unspecified),9,17,7,4
2013,25,B (Lineage Unspecified),10,13,8,2
2013,26,B (Lineage Unspecified),2,8,11,1
2013,27,B (Lineage Unspecified),3,7,2,5
2013,28,B (Lineage Unspecified),2,3,3,1
2013,29,B (Lineage Unspecified),1,0,4,0
2013,30,B (Lineage Unspecified),0,3,2,1
2013,31,B (Lineage Unspecified),2,4,4,1
2013,32,B (Lineage Unspecified),2,3,1,3
2013,33,B (Lineage Unspecified),0,1,0,5
2013,34,B (Lineage Unspecified),0,1,1,0
2013,35,B (Lineage Unspecified),1,1,0,0
2013,36,B (Lineage Unspecified),1,1,1,0
2013,37,B (Lineage Unspecified),1,1,0,0
2013,38,B (Lineage Unspecified),0,1,1,0
2013,39,B (Lineage Unspecified),0,3,1,0
2012,40,H3N2v,0,0,0,0
2012,41,H3N2v,0,0,0,0
2012,42,H3N2v,0,0,0,0
2012,43,H3N2v,0,0,0,0
2012,44,H3N2v,0,0,0,0
2012,45,H3N2v,0,0,0,0
2012,46,H3N2v,1,1,0,0
2012,47,H3N2v,0,0,0,0
2012,48,H3N2v,0,0,0,0
2012,49,H3N2v,0,0,0,0
2012,50,H3N2v,0,0,0,0
2012,51,H3N2v,0,0,0,0
2012,52,H3N2v,0,0,0,0
2013,1,H3N2v,0,0,0,0
2013,2,H3N2v,0,0,0,0
2013,3,H3N2v,0,0,0,0
2013,4,H3N2v,0,0,0,0
2013,5,H3N2v,0,0,0,0
2013,6,H3N2v,0,0,0,0
2013,7,H3N2v,0,0,0,0
2013,8,H3N2v,0,0,0,0
2013,9,H3N2v,0,0,0,0
2013,10,H3N2v,0,0,0,0
2013,11,H3N2v,0,0,0,0
2013,12,H3N2v,0,0,0,0
2013,13,H3N2v,0,0,0,0
2013,14,H3N2v,0,0,0,0
2013,15,H3N2v,0,0,0,0
2013,16,H3N2v,0,0,0,0
2013,17,H3N2v,0,0,0,0
2013,18,H3N2v,0,0,0,0
2013,19,H3N2v,0,0,0,0
2013,20,H3N2v,0,0,0,0
2013,21,H3N2v,0,0,0,0
2013,22,H3N2v,0,0,0,0
2013,23,H3N2v,0,0,0,0
2013,24,H3N2v,0,0,0,0
2013,25,H3N2v,1,1,0,0
2013,26,H3N2v,0,6,0,0
2013,27,H3N2v,1,3,0,0
2013,28,H3N2v,0,0,0,0
2013,29,H3N2v,1,0,0,0
2013,30,H3N2v,0,0,0,1
2013,31,H3N2v,1,1,0,0
2013,32,H3N2v,0,0,0,0
2013,33,H3N2v,0,0,0,0
2013,34,H3N2v,0,1,0,0
2013,35,H3N2v,0,1,0,0
2013,36,H3N2v,0,0,0,0
2013,37,H3N2v,0,0,0,0
2013,38,H3N2v,0,0,0,0
2013,39,H3N2v,0,0,0,0
2011,40,A (H3),1,2,4,5
2011,41,A (H3),1,2,5,1
2011,42,A (H3),0,6,2,2
2011,43,A (H3),2,3,3,4
2011,44,A (H3),1,6,7,1
2011,45,A (H3),6,4,4,0
2011,46,A (H3),2,3,6,3
2011,47,A (H3),5,8,6,3
2011,48,A (H3),3,9,10,4
2011,49,A (H3),7,16,12,2
2011,50,A (H3),11,18,36,6
2011,51,A (H3),17,32,36,11
2011,52,A (H3),18,17,34,24
2012,1,A (H3),17,16,43,22
2012,2,A (H3),23,52,40,20
2012,3,A (H3),28,61,60,32
2012,4,A (H3),33,85,84,43
2012,5,A (H3),47,125,108,55
2012,6,A (H3),62,145,126,52
2012,7,A (H3),79,141,140,99
2012,8,A (H3),86,221,192,130
2012,9,A (H3),162,323,247,176
2012,10,A (H3),202,368,310,254
2012,11,A (H3),229,418,365,249
2012,12,A (H3),157,318,281,204
2012,13,A (H3),99,203,163,144
2012,14,A (H3),90,166,169,114
2012,15,A (H3),79,139,169,123
2012,16,A (H3),75,121,132,154
2012,17,A (H3),36,84,96,100
2012,18,A (H3),39,77,76,87
2012,19,A (H3),28,54,65,64
2012,20,A (H3),21,29,43,51
2012,21,A (H3),9,21,16,20
2012,22,A (H3),18,9,14,19
2012,23,A (H3),10,11,11,10
2012,24,A (H3),7,10,9,20
2012,25,A (H3),4,4,11,13
2012,26,A (H3),4,3,8,2
2012,27,A (H3),4,2,3,5
2012,28,A (H3),2,9,10,10
2012,29,A (H3),1,4,9,3
2012,30,A (H3),6,8,24,11
2012,31,A (H3),6,26,19,12
2012,32,A (H3),5,20,14,20
2012,33,A (H3),10,11,23,21
2012,34,A (H3),4,7,23,13
2012,35,A (H3),1,7,18,11
2012,36,A (H3),6,14,9,3
2012,37,A (H3),3,5,6,2
2012,38,A (H3),4,14,11,13
2012,39,A (H3),9,14,11,4
2011,40,A (H1N1)pdm09,0,0,3,0
2011,41,A (H1N1)pdm09,0,0,0,0
2011,42,A (H1N1)pdm09,2,0,0,0
2011,43,A (H1N1)pdm09,0,0,0,0
2011,44,A (H1N1)pdm09,0,0,1,0
2011,45,A (H1N1)pdm09,0,0,0,0
2011,46,A (H1N1)pdm09,0,0,0,0
2011,47,A (H1N1)pdm09,0,1,0,0
2011,48,A (H1N1)pdm09,0,2,0,0
2011,49,A (H1N1)pdm09,0,1,1,0
2011,50,A (H1N1)pdm09,1,2,1,0
2011,51,A (H1N1)pdm09,0,3,1,1
2011,52,A (H1N1)pdm09,1,1,2,0
2012,1,A (H1N1)pdm09,0,3,9,1
2012,2,A (H1N1)pdm09,3,6,12,0
2012,3,A (H1N1)pdm09,4,18,18,2
2012,4,A (H1N1)pdm09,7,34,25,1
2012,5,A (H1N1)pdm09,7,43,43,4
2012,6,A (H1N1)pdm09,14,66,60,1
2012,7,A (H1N1)pdm09,22,62,82,6
2012,8,A (H1N1)pdm09,36,89,89,6
2012,9,A (H1N1)pdm09,62,123,141,11
2012,10,A (H1N1)pdm09,76,128,159,13
2012,11,A (H1N1)pdm09,84,179,184,20
2012,12,A (H1N1)pdm09,52,131,155,19
2012,13,A (H1N1)pdm09,33,83,87,10
2012,14,A (H1N1)pdm09,40,70,80,9
2012,15,A (H1N1)pdm09,21,53,58,7
2012,16,A (H1N1)pdm09,13,29,34,9
2012,17,A (H1N1)pdm09,9,19,20,4
2012,18,A (H1N1)pdm09,8,14,19,2
2012,19,A (H1N1)pdm09,2,11,7,1
2012,20,A (H1N1)pdm09,4,9,6,0
2012,21,A (H1N1)pdm09,1,3,6,0
2012,22,A (H1N1)pdm09,0,0,0,1
2012,23,A (H1N1)pdm09,1,0,3,0
2012,24,A (H1N1)pdm09,0,0,2,0
2012,25,A (H1N1)pdm09,0,0,1,0
2012,26,A (H1N1)pdm09,0,0,0,0
2012,27,A (H1N1)pdm09,0,0,1,0
2012,28,A (H1N1)pdm09,0,0,2,1
2012,29,A (H1N1)pdm09,0,0,0,0
2012,30,A (H1N1)pdm09,0,0,0,0
2012,31,A (H1N1)pdm09,0,0,1,0
2012,32,A (H1N1)pdm09,0,0,1,0
2012,33,A (H1N1)pdm09,0,1,4,0
2012,34,A (H1N1)pdm09,1,0,3,0
2012,35,A (H1N1)pdm09,0,0,0,0
2012,36,A (H1N1)pdm09,1,0,0,0
2012,37,A (H1N1)pdm09,0,0,0,0
2012,38,A (H1N1)pdm09,1,4,0,0
2012,39,A (H1N1)pdm09,0,3,3,0
2011,40,A (Subtyping not Performed),0,1,0,0
2011,41,A (Subtyping not Performed),0,0,0,0
2011,42,A (Subtyping not Performed),0,1,0,0
2011,43,A (Subtyping not Performed),1,1,0,0
2011,44,A (Subtyping not Performed),1,0,1,0
2011,45,A (Subtyping not Performed),0,0,0,0
2011,46,A (Subtyping not Performed),3,0,2,0
2011,47,A (Subtyping not Performed),0,0,0,0
2011,48,A (Subtyping not Performed),0,0,1,0
2011,49,A (Subtyping not Performed),0,0,0,0
2011,50,A (Subtyping not Performed),0,0,0,0
2011,51,A (Subtyping not Performed),0,0,0,0
2011,52,A (Subtyping not Performed),0,0,0,0
2012,1,A (Subtyping not Performed),0,0,1,0
2012,2,A (Subtyping not Performed),3,0,1,0
2012,3,A (Subtyping not Performed),0,2,2,3
2012,4,A (Subtyping not Performed),2,2,0,1
2012,5,A (Subtyping not Performed),0,1,1,2
2012,6,A (Subtyping not Performed),0,0,0,0
2012,7,A (Subtyping not Performed),1,8,16,1
2012,8,A (Subtyping not Performed),5,4,9,4
2012,9,A (Subtyping not Performed),2,5,8,3
2012,10,A (Subtyping not Performed),4,15,15,5
2012,11,A (Subtyping not Performed),7,16,9,6
2012,12,A (Subtyping not Performed),8,5,12,4
2012,13,A (Subtyping not Performed),4,2,5,1
2012,14,A (Subtyping not Performed),3,3,7,6
2012,15,A (Subtyping not Performed),3,6,5,3
2012,16,A (Subtyping not Performed),1,2,7,3
2012,17,A (Subtyping not Performed),0,3,3,2
2012,18,A (Subtyping not Performed),0,3,1,0
2012,19,A (Subtyping not Performed),1,0,0,2
2012,20,A (Subtyping not Performed),1,1,1,1
2012,21,A (Subtyping not Performed),0,0,0,0
2012,22,A (Subtyping not Performed),0,0,0,0
2012,23,A (Subtyping not Performed),1,0,3,0
2012,24,A (Subtyping not Performed),1,2,1,0
2012,25,A (Subtyping not Performed),2,0,2,1
2012,26,A (Subtyping not Performed),0,0,0,0
2012,27,A (Subtyping not Performed),0,0,0,0
2012,28,A (Subtyping not Performed),0,0,0,0
2012,29,A (Subtyping not Performed),0,0,0,0
2012,30,A (Subtyping not Performed),0,0,1,0
2012,31,A (Subtyping not Performed),0,0,0,0
2012,32,A (Subtyping not Performed),0,0,1,0
2012,33,A (Subtyping not Performed),0,0,0,0
2012,34,A (Subtyping not Performed),1,0,0,0
2012,35,A (Subtyping not Performed),0,3,0,1
2012,36,A (Subtyping not Performed),1,1,0,0
2012,37,A (Subtyping not Performed),0,0,0,0
2012,38,A (Subtyping not Performed),0,0,0,1
2012,39,A (Subtyping not Performed),3,1,0,0
2011,40,B (Lineage Unspecified),0,2,2,0
2011,41,B (Lineage Unspecified),0,2,0,0
2011,42,B (Lineage Unspecified),1,2,0,0
2011,43,B (Lineage Unspecified),1,1,0,1
2011,44,B (Lineage Unspecified),1,0,1,0
2011,45,B (Lineage Unspecified),0,1,0,0
2011,46,B (Lineage Unspecified),1,1,1,0
2011,47,B (Lineage Unspecified),1,1,0,0
2011,48,B (Lineage Unspecified),1,1,0,0
2011,49,B (Lineage Unspecified),0,1,1,0
2011,50,B (Lineage Unspecified),2,2,4,0
2011,51,B (Lineage Unspecified),0,4,2,1
2011,52,B (Lineage Unspecified),3,5,2,3
2012,1,B (Lineage Unspecified),0,3,8,2
2012,2,B (Lineage Unspecified),0,7,4,2
2012,3,B (Lineage Unspecified),1,5,6,0
2012,4,B (Lineage Unspecified),2,7,6,1
2012,5,B (Lineage Unspecified),3,6,8,3
2012,6,B (Lineage Unspecified),4,21,11,1
2012,7,B (Lineage Unspecified),3,22,10,1
2012,8,B (Lineage Unspecified),7,24,10,2
2012,9,B (Lineage Unspecified),6,24,22,4
2012,10,B (Lineage Unspecified),18,30,13,1
2012,11,B (Lineage Unspecified),13,62,24,8
2012,12,B (Lineage Unspecified),15,62,37,8
2012,13,B (Lineage Unspecified),16,51,36,4
2012,14,B (Lineage Unspecified),19,64,31,3
2012,15,B (Lineage Unspecified),24,69,36,18
2012,16,B (Lineage Unspecified),23,76,42,22
2012,17,B (Lineage Unspecified),15,63,27,22
2012,18,B (Lineage Unspecified),30,72,42,10
2012,19,B (Lineage Unspecified),18,90,33,14
2012,20,B (Lineage Unspecified),21,67,29,5
2012,21,B (Lineage Unspecified),12,75,32,10
2012,22,B (Lineage Unspecified),11,45,24,3
2012,23,B (Lineage Unspecified),14,32,20,3
2012,24,B (Lineage Unspecified),8,28,10,4
2012,25,B (Lineage Unspecified),6,11,10,4
2012,26,B (Lineage Unspecified),6,6,9,7
2012,27,B (Lineage Unspecified),3,7,8,5
2012,28,B (Lineage Unspecified),6,4,3,0
2012,29,B (Lineage Unspecified),2,8,13,3
2012,30,B (Lineage Unspecified),2,7,8,1
2012,31,B (Lineage Unspecified),1,5,4,6
2012,32,B (Lineage Unspecified),0,11,1,0
2012,33,B (Lineage Unspecified),2,4,4,0
2012,34,B (Lineage Unspecified),1,6,2,0
2012,35,B (Lineage Unspecified),1,4,0,1
2012,36,B (Lineage Unspecified),1,4,1,1
2012,37,B (Lineage Unspecified),1,8,3,0
2012,38,B (Lineage Unspecified),0,3,3,0
2012,39,B (Lineage Unspecified),2,12,7,1
2011,40,H3N2v,0,0,0,0
2011,41,H3N2v,0,0,0,0
2011,42,H3N2v,0,0,0,0
2011,43,H3N2v,0,0,0,0
2011,44,H3N2v,0,0,0,0
2011,45,H3N2v,0,0,0,0
2011,46,H3N2v,0,0,0,0
2011,47,H3N2v,0,0,0,0
2011,48,H3N2v,0,0,0,0
2011,49,H3N2v,0,0,0,0
2011,50,H3N2v,0,0,0,0
2011,51,H3N2v,0,0,0,0
2011,52,H3N2v,0,0,0,0
2012,1,H3N2v,0,0,0,0
2012,2,H3N2v,0,0,0,0
2012,3,H3N2v,0,0,0,0
2012,4,H3N2v,0,0,0,0
2012,5,H3N2v,0,0,0,0
2012,6,H3N2v,0,0,0,0
2012,7,H3N2v,0,0,0,0
2012,8,H3N2v,0,0,0,0
2012,9,H3N2v,0,0,0,0
2012,10,H3N2v,0,0,0,0
2012,11,H3N2v,0,0,0,0
2012,12,H3N2v,0,0,0,0
2012,13,H3N2v,0,0,0,0
2012,14,H3N2v,0,0,0,0
2012,15,H3N2v,0,0,0,0
2012,16,H3N2v,0,0,0,0
2012,17,H3N2v,0,0,0,0
2012,18,H3N2v,0,0,0,0
2012,19,H3N2v,0,0,0,0
2012,20,H3N2v,0,0,0,0
2012,21,H3N2v,0,0,0,0
2012,22,H3N2v,0,0,0,0
2012,23,H3N2v,0,0,0,0
2012,24,H3N2v,0,0,0,0
2012,25,H3N2v,0,0,0,0
2012,26,H3N2v,0,0,0,0
2012,27,H3N2v,0,0,0,0
2012,28,H3N2v,0,0,1,0
2012,29,H3N2v,0,0,0,0
2012,30,H3N2v,0,7,2,0
2012,31,H3N2v,29,62,2,1
2012,32,H3N2v,27,46,0,0
2012,33,H3N2v,11,38,2,0
2012,34,H3N2v,3,9,1,0
2012,35,H3N2v,1,10,1,0
2012,36,H3N2v,2,3,0,0
2012,37,H3N2v,0,2,0,0
2012,38,H3N2v,0,0,0,0
2012,39,H3N2v,0,0,0,0
2010,40,A (Unable to Subtype),0,0,0,0
2010,41,A (Unable to Subtype),0,0,0,0
2010,42,A (Unable to Subtype),0,0,0,0
2010,43,A (Unable to Subtype),0,0,0,0
2010,44,A (Unable to Subtype),0,0,0,0
2010,45,A (Unable to Subtype),0,0,0,0
2010,46,A (Unable to Subtype),0,0,0,0
2010,47,A (Unable to Subtype),0,0,0,0
2010,48,A (Unable to Subtype),0,0,0,0
2010,49,A (Unable to Subtype),0,0,0,0
2010,50,A (Unable to Subtype),0,0,0,0
2010,51,A (Unable to Subtype),0,0,0,0
2010,52,A (Unable to Subtype),0,0,0,0
2011,1,A (Unable to Subtype),0,0,0,0
2011,2,A (Unable to Subtype),0,0,0,0
2011,3,A (Unable to Subtype),0,0,0,0
2011,4,A (Unable to Subtype),0,0,0,0
2011,5,A (Unable to Subtype),0,0,0,0
2011,6,A (Unable to Subtype),0,0,0,0
2011,7,A (Unable to Subtype),0,0,0,0
2011,8,A (Unable to Subtype),0,0,0,0
2011,9,A (Unable to Subtype),0,0,0,0
2011,10,A (Unable to Subtype),0,0,0,0
2011,11,A (Unable to Subtype),0,0,0,0
2011,12,A (Unable to Subtype),0,0,0,0
2011,13,A (Unable to Subtype),0,0,0,0
2011,14,A (Unable to Subtype),0,0,0,0
2011,15,A (Unable to Subtype),0,0,0,0
2011,16,A (Unable to Subtype),0,0,0,0
2011,17,A (Unable to Subtype),0,0,0,0
2011,18,A (Unable to Subtype),0,0,0,0
2011,19,A (Unable to Subtype),0,0,0,0
2011,20,A (Unable to Subtype),0,0,0,0
2011,21,A (Unable to Subtype),0,0,0,0
2011,22,A (Unable to Subtype),0,0,0,0
2011,23,A (Unable to Subtype),0,0,0,0
2011,24,A (Unable to Subtype),0,0,0,0
2011,25,A (Unable to Subtype),0,0,0,0
2011,26,A (Unable to Subtype),0,0,0,0
2011,27,A (Unable to Subtype),0,0,0,0
2011,28,A (Unable to Subtype),0,0,0,0
2011,29,A (Unable to Subtype),0,0,0,0
2011,30,A (Unable to Subtype),0,0,0,0
2011,31,A (Unable to Subtype),0,0,0,0
2011,32,A (Unable to Subtype),0,0,0,0
2011,33,A (Unable to Subtype),1,0,0,0
2011,34,A (Unable to Subtype),0,0,0,0
2011,35,A (Unable to Subtype),0,0,0,0
2011,36,A (Unable to Subtype),0,0,0,0
2011,37,A (Unable to Subtype),0,0,0,0
2011,38,A (Unable to Subtype),0,0,0,0
2011,39,A (Unable to Subtype),0,0,0,0
2010,40,A (H3),4,4,3,5
2010,41,A (H3),7,12,12,2
2010,42,A (H3),8,13,6,6
2010,43,A (H3),12,14,19,3
2010,44,A (H3),10,18,13,6
2010,45,A (H3),12,30,18,4
2010,46,A (H3),31,25,31,7
2010,47,A (H3),25,36,35,18
2010,48,A (H3),32,33,49,16
2010,49,A (H3),68,113,76,25
2010,50,A (H3),87,143,115,59
2010,51,A (H3),145,185,203,79
2010,52,A (H3),166,159,290,179
2011,1,A (H3),153,189,314,194
2011,2,A (H3),149,277,298,202
2011,3,A (H3),194,362,350,206
2011,4,A (H3),189,336,386,245
2011,5,A (H3),193,322,361,262
2011,6,A (H3),197,356,377,237
2011,7,A (H3),196,301,397,351
2011,8,A (H3),175,219,316,306
2011,9,A (H3),98,164,272,318
2011,10,A (H3),120,173,210,264
2011,11,A (H3),78,104,137,222
2011,12,A (H3),46,62,95,171
2011,13,A (H3),43,36,68,101
2011,14,A (H3),25,34,60,78
2011,15,A (H3),21,16,31,59
2011,16,A (H3),11,10,13,20
2011,17,A (H3),5,4,4,11
2011,18,A (H3),0,6,5,11
2011,19,A (H3),0,2,2,4
2011,20,A (H3),1,2,2,1
2011,21,A (H3),0,0,1,2
2011,22,A (H3),0,0,0,0
2011,23,A (H3),0,0,0,0
2011,24,A (H3),0,0,0,0
2011,25,A (H3),0,0,0,0
2011,26,A (H3),0,0,0,0
2011,27,A (H3),0,0,0,1
2011,28,A (H3),0,2,1,0
2011,29,A (H3),2,0,1,0
2011,30,A (H3),0,0,0,0
2011,31,A (H3),1,0,1,0
2011,32,A (H3),0,0,1,1
2011,33,A (H3),1,1,1,2
2011,34,A (H3),3,0,0,2
2011,35,A (H3),0,1,2,0
2011,36,A (H3),0,1,2,0
2011,37,A (H3),0,1,4,1
2011,38,A (H3),1,1,2,0
2011,39,A (H3),0,3,8,4
2010,40,A (H1N1)pdm09,0,3,4,0
2010,41,A (H1N1)pdm09,2,5,4,1
2010,42,A (H1N1)pdm09,2,2,3,0
2010,43,A (H1N1)pdm09,1,5,4,0
2010,44,A (H1N1)pdm09,0,3,7,0
2010,45,A (H1N1)pdm09,0,4,7,0
2010,46,A (H1N1)pdm09,5,5,6,0
2010,47,A (H1N1)pdm09,2,4,4,0
2010,48,A (H1N1)pdm09,3,15,10,3
2010,49,A (H1N1)pdm09,7,17,12,0
2010,50,A (H1N1)pdm09,9,34,28,3
2010,51,A (H1N1)pdm09,13,30,42,3
2010,52,A (H1N1)pdm09,36,63,79,7
2011,1,A (H1N1)pdm09,38,115,157,8
2011,2,A (H1N1)pdm09,69,217,203,11
2011,3,A (H1N1)pdm09,80,349,292,21
2011,4,A (H1N1)pdm09,100,473,356,35
2011,5,A (H1N1)pdm09,142,472,418,41
2011,6,A (H1N1)pdm09,136,512,426,45
2011,7,A (H1N1)pdm09,157,536,502,53
2011,8,A (H1N1)pdm09,130,398,456,33
2011,9,A (H1N1)pdm09,127,293,349,49
2011,10,A (H1N1)pdm09,93,235,265,18
2011,11,A (H1N1)pdm09,47,118,196,16
2011,12,A (H1N1)pdm09,36,70,99,9
2011,13,A (H1N1)pdm09,20,44,75,8
2011,14,A (H1N1)pdm09,7,17,37,10
2011,15,A (H1N1)pdm09,4,7,17,4
2011,16,A (H1N1)pdm09,0,7,12,2
2011,17,A (H1N1)pdm09,1,4,1,1
2011,18,A (H1N1)pdm09,2,2,6,0
2011,19,A (H1N1)pdm09,1,1,0,0
2011,20,A (H1N1)pdm09,0,0,0,0
2011,21,A (H1N1)pdm09,0,0,2,0
2011,22,A (H1N1)pdm09,1,0,0,0
2011,23,A (H1N1)pdm09,0,0,0,0
2011,24,A (H1N1)pdm09,0,1,1,0
2011,25,A (H1N1)pdm09,0,0,0,0
2011,26,A (H1N1)pdm09,0,1,1,0
2011,27,A (H1N1)pdm09,1,1,0,0
2011,28,A (H1N1)pdm09,0,0,0,0
2011,29,A (H1N1)pdm09,0,0,0,0
2011,30,A (H1N1)pdm09,0,0,0,0
2011,31,A (H1N1)pdm09,0,0,3,0
2011,32,A (H1N1)pdm09,0,0,1,0
2011,33,A (H1N1)pdm09,0,0,1,1
2011,34,A (H1N1)pdm09,0,0,0,0
2011,35,A (H1N1)pdm09,0,1,1,0
2011,36,A (H1N1)pdm09,0,0,1,0
2011,37,A (H1N1)pdm09,0,0,0,0
2011,38,A (H1N1)pdm09,0,0,0,0
2011,39,A (H1N1)pdm09,0,0,1,0
2010,40,A (Subtyping not Performed),1,1,0,0
2010,41,A (Subtyping not Performed),1,0,0,0
2010,42,A (Subtyping not Performed),0,1,0,0
2010,43,A (Subtyping not Performed),0,1,2,0
2010,44,A (Subtyping not Performed),0,0,0,0
2010,45,A (Subtyping not Performed),0,0,0,0
2010,46,A (Subtyping not Performed),3,0,1,0
2010,47,A (Subtyping not Performed),2,1,0,0
2010,48,A (Subtyping not Performed),1,1,1,0
2010,49,A (Subtyping not Performed),3,0,0,0
2010,50,A (Subtyping not Performed),4,4,8,2
2010,51,A (Subtyping not Performed),3,3,12,2
2010,52,A (Subtyping not Performed),7,4,7,5
2011,1,A (Subtyping not Performed),3,9,6,6
2011,2,A (Subtyping not Performed),2,3,9,6
2011,3,A (Subtyping not Performed),2,7,5,2
2011,4,A (Subtyping not Performed),2,5,11,9
2011,5,A (Subtyping not Performed),6,10,16,9
2011,6,A (Subtyping not Performed),2,6,12,6
2011,7,A (Subtyping not Performed),2,12,19,6
2011,8,A (Subtyping not Performed),9,9,9,7
2011,9,A (Subtyping not Performed),6,6,3,2
2011,10,A (Subtyping not Performed),3,6,10,7
2011,11,A (Subtyping not Performed),3,4,5,4
2011,12,A (Subtyping not Performed),4,0,2,5
2011,13,A (Subtyping not Performed),2,0,3,6
2011,14,A (Subtyping not Performed),0,1,2,2
2011,15,A (Subtyping not Performed),1,0,0,0
2011,16,A (Subtyping not Performed),1,3,1,1
2011,17,A (Subtyping not Performed),0,1,0,1
2011,18,A (Subtyping not Performed),1,0,0,1
2011,19,A (Subtyping not Performed),0,0,0,0
2011,20,A (Subtyping not Performed),0,0,1,0
2011,21,A (Subtyping not Performed),0,1,0,0
2011,22,A (Subtyping not Performed),0,0,0,0
2011,23,A (Subtyping not Performed),0,0,0,0
2011,24,A (Subtyping not Performed),1,0,0,0
2011,25,A (Subtyping not Performed),0,0,0,0
2011,26,A (Subtyping not Performed),0,0,0,0
2011,27,A (Subtyping not Performed),1,0,0,0
2011,28,A (Subtyping not Performed),0,1,0,0
2011,29,A (Subtyping not Performed),0,0,0,0
2011,30,A (Subtyping not Performed),0,0,0,0
2011,31,A (Subtyping not Performed),0,0,0,0
2011,32,A (Subtyping not Performed),0,0,0,0
2011,33,A (Subtyping not Performed),1,0,0,0
2011,34,A (Subtyping not Performed),0,1,0,0
2011,35,A (Subtyping not Performed),0,0,0,0
2011,36,A (Subtyping not Performed),0,0,0,0
2011,37,A (Subtyping not Performed),0,1,0,0
2011,38,A (Subtyping not Performed),0,2,0,0
2011,39,A (Subtyping not Performed),0,0,0,0
2010,40,B (Lineage Unspecified),3,0,2,0
2010,41,B (Lineage Unspecified),1,7,5,0
2010,42,B (Lineage Unspecified),4,10,3,2
2010,43,B (Lineage Unspecified),2,7,4,2
2010,44,B (Lineage Unspecified),6,20,4,2
2010,45,B (Lineage Unspecified),6,24,3,3
2010,46,B (Lineage Unspecified),8,40,9,0
2010,47,B (Lineage Unspecified),1,32,8,5
2010,48,B (Lineage Unspecified),8,48,25,8
2010,49,B (Lineage Unspecified),10,75,25,7
2010,50,B (Lineage Unspecified),23,118,28,10
2010,51,B (Lineage Unspecified),29,93,53,20
2010,52,B (Lineage Unspecified),49,106,71,17
2011,1,B (Lineage Unspecified),50,114,72,23
2011,2,B (Lineage Unspecified),58,192,65,17
2011,3,B (Lineage Unspecified),57,261,70,10
2011,4,B (Lineage Unspecified),77,346,86,22
2011,5,B (Lineage Unspecified),76,364,112,28
2011,6,B (Lineage Unspecified),95,361,111,34
2011,7,B (Lineage Unspecified),102,398,137,30
2011,8,B (Lineage Unspecified),103,303,126,37
2011,9,B (Lineage Unspecified),70,231,118,27
2011,10,B (Lineage Unspecified),84,197,76,24
2011,11,B (Lineage Unspecified),63,167,58,24
2011,12,B (Lineage Unspecified),50,109,48,21
2011,13,B (Lineage Unspecified),41,76,26,7
2011,14,B (Lineage Unspecified),18,66,45,18
2011,15,B (Lineage Unspecified),19,39,23,15
2011,16,B (Lineage Unspecified),10,20,8,6
2011,17,B (Lineage Unspecified),6,11,8,5
2011,18,B (Lineage Unspecified),1,5,3,0
2011,19,B (Lineage Unspecified),1,2,0,1
2011,20,B (Lineage Unspecified),0,3,2,0
2011,21,B (Lineage Unspecified),0,3,0,0
2011,22,B (Lineage Unspecified),0,0,1,1
2011,23,B (Lineage Unspecified),0,2,0,0
2011,24,B (Lineage Unspecified),0,0,0,0
2011,25,B (Lineage Unspecified),0,0,0,0
2011,26,B (Lineage Unspecified),0,0,0,0
2011,27,B (Lineage Unspecified),0,0,0,0
2011,28,B (Lineage Unspecified),0,1,0,0
2011,29,B (Lineage Unspecified),0,1,1,0
2011,30,B (Lineage Unspecified),0,0,0,0
2011,31,B (Lineage Unspecified),0,0,1,0
2011,32,B (Lineage Unspecified),0,0,0,0
2011,33,B (Lineage Unspecified),0,1,1,0
2011,34,B (Lineage Unspecified),0,1,2,0
2011,35,B (Lineage Unspecified),0,0,0,0
2011,36,B (Lineage Unspecified),0,1,1,0
2011,37,B (Lineage Unspecified),0,1,0,0
2011,38,B (Lineage Unspecified),1,1,0,1
2011,39,B (Lineage Unspecified),0,1,1,0
